record_index,sample_id,sample_code,NAME,TESTORIENTATION,3-OR4-POINTBENDING,PROCESSPARAMETERS,SOURCEPRINTOBJECTNUMBER,AGE,EXTRACTIONMETHOD,EXTRACTIONDATE,TESTDATE,LENGTH_VALUE,LENGTH_UNIT,WIDTH_D1_VALUE,WIDTH_D1_UNIT,HEIGHT_D2_VALUE,HEIGHT_D2_UNIT,SUPPORTSPANL_VALUE,SUPPORTSPANL_UNIT,LOADSPANONLYFOR4PBENDING_VALUE,LOADSPANONLYFOR4PBENDING_UNIT,APPLIEDLOADINGRATE_VALUE,APPLIEDLOADINGRATE_UNIT,F3PXNORF4PXN_VALUE,F3PXNORF4PXN_UNIT,DENSITY_VALUE,DENSITY_UNIT
1,17241,EXP_FLEX17248,EXP_FLEX_01_a_spec_101,V.U,3,DEFAULT,mortar,28.0,sawing,2023-02-13 00:00:00 +0000,2023-02-16 00:00:00 +0000,159.35,mm,40.5,mm,39.75,mm,120.0,mm,,mm,50.0,N/s,6.348091786101992,N/mm²,2162.2900101309833,kg/m³
2,17244,EXP_FLEX17251,EXP_FLEX_01_a_spec_104,U.W,3,DEV1,mortar,29.0,sawing,2023-02-13 00:00:00 +0000,2023-02-17 00:00:00 +0000,162.175,mm,40.55,mm,39.9,mm,120.0,mm,,mm,50.0,N/s,1.845117229256076,N/mm²,2135.7502495389926,kg/m³
3,17245,EXP_FLEX17252,EXP_FLEX_01_a_spec_105,U.W,3,DEV1,mortar,29.0,sawing,2023-02-13 00:00:00 +0000,2023-02-17 00:00:00 +0000,161.9,mm,40.45,mm,40.7,mm,120.0,mm,,mm,50.0,N/s,2.1346491790118916,N/mm²,2126.898049925816,kg/m³
4,17246,EXP_FLEX17253,EXP_FLEX_01_a_spec_106,U.W,3,DEV1,mortar,29.0,sawing,2023-02-13 00:00:00 +0000,2023-02-17 00:00:00 +0000,161.55,mm,40.150000000000006,mm,40.9,mm,120.0,mm,,mm,50.0,N/s,2.145731878373525,N/mm²,2137.6855782415505,kg/m³
5,17249,EXP_FLEX17256,EXP_FLEX_01_a_spec_109,U.W,3,DEV1,mortar,29.0,sawing,2023-02-13 00:00:00 +0000,2023-02-17 00:00:00 +0000,161.39999999999998,mm,39.8,mm,40.55,mm,120.0,mm,,mm,50.0,N/s,2.211458709955824,N/mm²,2141.4160278947047,kg/m³
6,17250,EXP_FLEX17257,EXP_FLEX_01_a_spec_110,U.W,3,DEV1,mortar,29.0,sawing,2023-02-13 00:00:00 +0000,2023-02-17 00:00:00 +0000,160.35000000000002,mm,40.15,mm,40.55,mm,120.0,mm,,mm,50.0,N/s,1.3377261488135332,N/mm²,2143.926707707015,kg/m³
7,17251,EXP_FLEX17258,EXP_FLEX_01_a_spec_111,V.U,3,DEV1,mortar,29.0,sawing,2023-02-13 00:00:00 +0000,2023-02-17 00:00:00 +0000,160.55,mm,40.4,mm,40.7,mm,120.0,mm,,mm,50.0,N/s,4.84504991438117,N/mm²,2093.6466200425793,kg/m³
8,17254,EXP_FLEX17261,EXP_FLEX_01_a_spec_114,V.U,3,DEV1,mortar,29.0,sawing,2023-02-13 00:00:00 +0000,2023-02-17 00:00:00 +0000,160.5,mm,41.0,mm,39.85,mm,120.0,mm,,mm,50.0,N/s,3.9822154943510237,N/mm²,2104.6174884408583,kg/m³
9,17255,EXP_FLEX17262,EXP_FLEX_01_a_spec_115,V.U,3,DEV1,mortar,29.0,sawing,2023-02-13 00:00:00 +0000,2023-02-17 00:00:00 +0000,160.1,mm,40.3,mm,40.65,mm,120.0,mm,,mm,50.0,N/s,4.123332167551117,N/mm²,2099.704352514594,kg/m³
10,17256,EXP_FLEX17263,EXP_FLEX_01_a_spec_116,V.U,3,DEV1,mortar,29.0,sawing,2023-02-13 00:00:00 +0000,2023-02-17 00:00:00 +0000,160.8,mm,40.8,mm,40.25,mm,120.0,mm,,mm,50.0,N/s,4.899538643434691,N/mm²,2105.914829699996,kg/m³
11,17259,EXP_FLEX17266,EXP_FLEX_01_a_spec_119,W.U,3,DEV1,mortar,29.0,sawing,2023-02-13 00:00:00 +0000,2023-02-17 00:00:00 +0000,160.45,mm,40.55,mm,40.349999999999994,mm,120.0,mm,,mm,50.0,N/s,6.0829573655488955,N/mm²,2122.4476573570405,kg/m³
12,17260,EXP_FLEX17267,EXP_FLEX_01_a_spec_120,W.U,3,DEV1,mortar,29.0,sawing,2023-02-13 00:00:00 +0000,2023-02-17 00:00:00 +0000,161.05,mm,40.900000000000006,mm,39.95,mm,120.0,mm,,mm,50.0,N/s,5.873231052296462,N/mm²,2112.8758090332335,kg/m³
13,17261,EXP_FLEX17268,EXP_FLEX_01_a_spec_121,W.U,3,DEV1,mortar,29.0,sawing,2023-02-13 00:00:00 +0000,2023-02-17 00:00:00 +0000,160.55,mm,40.95,mm,38.2,mm,120.0,mm,,mm,50.0,N/s,5.193620282844809,N/mm²,2093.994766434563,kg/m³
14,17265,EXP_FLEX17272,EXP_FLEX_01_a_spec_125,CAST,4,DEFAULT,cast mortar,28.0,sawing,2023-02-13 00:00:00 +0000,2023-02-16 00:00:00 +0000,162.5,mm,40.099999999999994,mm,41.15,mm,120.0,mm,40.0,mm,75.0,N/s,5.92756035645647,N/mm²,2115.6567409404333,kg/m³
15,17266,EXP_FLEX17273,EXP_FLEX_01_a_spec_126,CAST,4,DEFAULT,cast mortar,28.0,sawing,2023-02-13 00:00:00 +0000,2023-02-16 00:00:00 +0000,161.25,mm,40.150000000000006,mm,40.275000000000006,mm,120.0,mm,40.0,mm,75.0,N/s,5.389452312308428,N/mm²,2169.52848559897,kg/m³
16,17267,EXP_FLEX17274,EXP_FLEX_01_a_spec_127,CAST,4,DEFAULT,cast mortar,28.0,sawing,2023-02-13 00:00:00 +0000,2023-02-16 00:00:00 +0000,162.0,mm,41.099999999999994,mm,40.349999999999994,mm,120.0,mm,40.0,mm,75.0,N/s,5.877455126568532,N/mm²,2131.703546031342,kg/m³
17,17272,EXP_FLEX17279,EXP_FLEX_01_a_spec_132,W.U,4,DEFAULT,mortar,28.0,sawing,2023-02-13 00:00:00 +0000,2023-02-16 00:00:00 +0000,160.0,mm,39.599999999999994,mm,39.75,mm,120.0,mm,40.0,mm,75.0,N/s,7.110237727937978,N/mm²,2154.008639857697,kg/m³
18,17273,EXP_FLEX17280,EXP_FLEX_01_a_spec_133,W.U,4,DEFAULT,mortar,28.0,sawing,2023-02-13 00:00:00 +0000,2023-02-16 00:00:00 +0000,160.0,mm,40.5,mm,40.05,mm,120.0,mm,40.0,mm,75.0,N/s,7.093243585620624,N/mm²,2141.613107072949,kg/m³
19,17274,EXP_FLEX17281,EXP_FLEX_01_a_spec_134,W.U,4,DEFAULT,mortar,28.0,sawing,2023-02-13 00:00:00 +0000,2023-02-16 00:00:00 +0000,160.0,mm,40.4,mm,40.099999999999994,mm,120.0,mm,40.0,mm,75.0,N/s,6.541529992701763,N/mm²,2131.50601219723,kg/m³
20,17277,EXP_FLEX17284,EXP_FLEX_01_a_spec_137,W.U,4,DEFAULT,mortar,28.0,sawing,2023-02-13 00:00:00 +0000,2023-02-16 00:00:00 +0000,160.0,mm,40.3,mm,40.5,mm,120.0,mm,40.0,mm,75.0,N/s,6.113597492968261,N/mm²,2098.076157215942,kg/m³
21,17278,EXP_FLEX17285,EXP_FLEX_01_a_spec_138,U.W,4,DEFAULT,mortar,28.0,sawing,2023-02-13 00:00:00 +0000,2023-02-16 00:00:00 +0000,160.5,mm,40.15,mm,39.95,mm,120.0,mm,40.0,mm,75.0,N/s,4.461036280356609,N/mm²,2141.4632336074433,kg/m³
22,17279,EXP_FLEX17286,EXP_FLEX_01_a_spec_139,U.W,4,DEFAULT,mortar,28.0,sawing,2023-02-13 00:00:00 +0000,2023-02-16 00:00:00 +0000,160.0,mm,40.349999999999994,mm,41.5,mm,120.0,mm,40.0,mm,75.0,N/s,4.630251621436254,N/mm²,2127.095743569072,kg/m³
23,17282,EXP_FLEX17289,EXP_FLEX_01_a_spec_142,U.W,4,DEFAULT,mortar,28.0,sawing,2023-02-13 00:00:00 +0000,2023-02-16 00:00:00 +0000,160.5,mm,40.3,mm,40.0,mm,120.0,mm,40.0,mm,75.0,N/s,5.569931389578163,N/mm²,2144.3534859271967,kg/m³
24,17285,EXP_FLEX17292,EXP_FLEX_01_a_spec_145,CAST,4,DEFAULT,cast concrete,28.0,sawing,2023-02-13 00:00:00 +0000,2023-02-16 00:00:00 +0000,399.0,mm,100.0,mm,99.75,mm,300.0,mm,100.0,mm,,N/s,8.440650498426518,N/mm²,2224.106632496027,kg/m³
25,17286,EXP_FLEX17293,EXP_FLEX_01_a_spec_146,CAST,4,DEFAULT,cast concrete,28.0,sawing,2023-02-13 00:00:00 +0000,2023-02-16 00:00:00 +0000,399.25,mm,101.0,mm,99.5,mm,300.0,mm,100.0,mm,,N/s,7.004923618040449,N/mm²,2178.8203496013457,kg/m³
26,17287,EXP_FLEX17294,EXP_FLEX_01_a_spec_147,CAST,4,DEFAULT,cast concrete,28.0,sawing,2023-02-13 00:00:00 +0000,2023-02-16 00:00:00 +0000,398.5,mm,101.25,mm,100.5,mm,300.0,mm,100.0,mm,,N/s,7.5656359807742195,N/mm²,2173.6200266384976,kg/m³
27,17291,EXP_FLEX17298,EXP_FLEX_01_a_spec_151,U.W,4,DEFAULT,concrete,28.0,sawing,2023-02-13 00:00:00 +0000,2023-02-16 00:00:00 +0000,399.0,mm,100.0,mm,99.5,mm,300.0,mm,100.0,mm,,N/s,4.899573243099922,N/mm²,2182.088386796136,kg/m³
28,17292,EXP_FLEX17299,EXP_FLEX_01_a_spec_152,U.W,4,DEFAULT,concrete,28.0,sawing,2023-02-13 00:00:00 +0000,2023-02-16 00:00:00 +0000,399.5,mm,99.5,mm,99.0,mm,300.0,mm,100.0,mm,,N/s,5.925864400053528,N/mm²,2195.272388541613,kg/m³
29,17293,EXP_FLEX17300,EXP_FLEX_01_a_spec_153,U.W,4,DEFAULT,concrete,28.0,sawing,2023-02-13 00:00:00 +0000,2023-02-16 00:00:00 +0000,402.0,mm,98.5,mm,98.0,mm,300.0,mm,100.0,mm,,N/s,6.391055334389013,N/mm²,2248.675817019739,kg/m³
30,17298,EXP_FLEX17305,EXP_FLEX_01_a_spec_158,U.W,4,DEV1,concrete,28.0,sawing,2023-02-13 00:00:00 +0000,2023-02-16 00:00:00 +0000,398.0,mm,99.0,mm,99.5,mm,300.0,mm,100.0,mm,,N/s,3.7452375322631126,N/mm²,2175.2333057603128,kg/m³
31,17299,EXP_FLEX17306,EXP_FLEX_01_a_spec_159,U.W,4,DEV1,concrete,28.0,sawing,2023-02-13 00:00:00 +0000,2023-02-16 00:00:00 +0000,399.25,mm,100.5,mm,100.0,mm,301.0,mm,101.0,mm,,N/s,3.77044776119403,N/mm²,2203.3850783652183,kg/m³
32,17300,EXP_FLEX17307,EXP_FLEX_01_a_spec_160,U.W,4,DEV1,concrete,28.0,sawing,2023-02-13 00:00:00 +0000,2023-02-16 00:00:00 +0000,399.0,mm,100.5,mm,100.25,mm,302.0,mm,102.0,mm,,N/s,2.8442683442879755,N/mm²,2169.665301701668,kg/m³
33,17220,EXP_FLEX17227,EXP_FLEX_01_a_spec_80,CAST,3,DEFAULT,cast mortar,28.0,sawing,2023-02-13 00:00:00 +0000,2023-02-16 00:00:00 +0000,161.39999999999998,mm,40.599999999999994,mm,40.7,mm,120.0,mm,,mm,50.0,N/s,6.677836663772443,N/mm²,2157.8505106257967,kg/m³
34,17221,EXP_FLEX17228,EXP_FLEX_01_a_spec_81,CAST,3,DEFAULT,cast mortar,28.0,sawing,2023-02-13 00:00:00 +0000,2023-02-16 00:00:00 +0000,160.89999999999998,mm,40.084999999999994,mm,39.65,mm,120.0,mm,,mm,50.0,N/s,6.150801700115733,N/mm²,2137.413281403141,kg/m³
35,17222,EXP_FLEX17229,EXP_FLEX_01_a_spec_82,CAST,3,DEFAULT,cast mortar,28.0,sawing,2023-02-13 00:00:00 +0000,2023-02-16 00:00:00 +0000,161.065,mm,39.95,mm,40.6,mm,120.0,mm,,mm,50.0,N/s,7.329041273199642,N/mm²,2150.4915515059884,kg/m³
36,17223,EXP_FLEX17230,EXP_FLEX_01_a_spec_83,CAST,3,DEFAULT,cast mortar,28.0,sawing,2023-02-13 00:00:00 +0000,2023-02-16 00:00:00 +0000,160.8,mm,39.7,mm,40.0,mm,120.0,mm,,mm,50.0,N/s,5.893920056675063,N/mm²,2149.203604145519,kg/m³
37,17224,EXP_FLEX17231,EXP_FLEX_01_a_spec_84,CAST,3,DEFAULT,cast mortar,28.0,sawing,2023-02-13 00:00:00 +0000,2023-02-16 00:00:00 +0000,160.4,mm,40.5,mm,40.35,mm,120.0,mm,,mm,50.0,N/s,6.447866450125494,N/mm²,2140.6089775026994,kg/m³
38,17225,EXP_FLEX17232,EXP_FLEX_01_a_spec_85,CAST,3,DEFAULT,cast mortar,28.0,sawing,2023-02-13 00:00:00 +0000,2023-02-16 00:00:00 +0000,160.7,mm,41.1,mm,40.5,mm,120.0,mm,,mm,50.0,N/s,6.878861754428123,N/mm²,2141.736807238659,kg/m³
39,17226,EXP_FLEX17233,EXP_FLEX_01_a_spec_86,W.U,3,DEFAULT,mortar,28.0,sawing,2023-02-13 00:00:00 +0000,2023-02-16 00:00:00 +0000,160.3,mm,40.0,mm,40.4,mm,120.0,mm,,mm,50.0,N/s,5.794178174933831,N/mm²,2148.277054779714,kg/m³
40,17227,EXP_FLEX17234,EXP_FLEX_01_a_spec_87,W.U,3,DEFAULT,mortar,28.0,sawing,2023-02-13 00:00:00 +0000,2023-02-16 00:00:00 +0000,160.075,mm,40.4,mm,40.45,mm,120.0,mm,,mm,50.0,N/s,5.704941778294557,N/mm²,2139.9789064519323,kg/m³
41,17228,EXP_FLEX17235,EXP_FLEX_01_a_spec_88,W.U,3,DEFAULT,mortar,28.0,sawing,2023-02-13 00:00:00 +0000,2023-02-16 00:00:00 +0000,159.22500000000002,mm,40.375,mm,40.525,mm,120.0,mm,,mm,50.0,N/s,6.094262495813398,N/mm²,2128.4072719261926,kg/m³
42,17231,EXP_FLEX17238,EXP_FLEX_01_a_spec_91,W.U,3,DEFAULT,mortar,28.0,sawing,2023-02-13 00:00:00 +0000,2023-02-16 00:00:00 +0000,159.75,mm,40.325,mm,40.55,mm,120.0,mm,,mm,50.0,N/s,6.0805191385592074,N/mm²,2099.764217126736,kg/m³
43,17232,EXP_FLEX17239,EXP_FLEX_01_a_spec_92,U.W,3,DEFAULT,mortar,28.0,sawing,2023-02-13 00:00:00 +0000,2023-02-16 00:00:00 +0000,161.25,mm,41.2,mm,40.05,mm,120.0,mm,,mm,50.0,N/s,4.493008425842738,N/mm²,2104.692082138991,kg/m³
44,17233,EXP_FLEX17240,EXP_FLEX_01_a_spec_93,U.W,3,DEFAULT,mortar,28.0,sawing,2023-02-13 00:00:00 +0000,2023-02-16 00:00:00 +0000,160.60000000000002,mm,39.95,mm,40.9,mm,120.0,mm,,mm,50.0,N/s,4.752208605637817,N/mm²,2085.261169415455,kg/m³
45,17236,EXP_FLEX17243,EXP_FLEX_01_a_spec_96,U.W,3,DEFAULT,mortar,28.0,sawing,2023-02-13 00:00:00 +0000,2023-02-16 00:00:00 +0000,160.5,mm,39.900000000000006,mm,40.35,mm,120.0,mm,,mm,50.0,N/s,4.214118164636726,N/mm²,2119.97410636227,kg/m³
46,17237,EXP_FLEX17244,EXP_FLEX_01_a_spec_97,U.W,3,DEFAULT,mortar,28.0,sawing,2023-02-13 00:00:00 +0000,2023-02-16 00:00:00 +0000,160.95,mm,39.974999999999994,mm,39.9,mm,120.0,mm,,mm,50.0,N/s,4.517639229193469,N/mm²,2103.8841808174734,kg/m³
47,17238,EXP_FLEX17245,EXP_FLEX_01_a_spec_98,V.U,3,DEFAULT,mortar,28.0,sawing,2023-02-13 00:00:00 +0000,2023-02-16 00:00:00 +0000,160.05,mm,40.25,mm,40.75,mm,120.0,mm,,mm,50.0,N/s,6.048510543156235,N/mm²,2114.5699250925936,kg/m³
48,18761,EXP_FLEX18768,EXP_FLEX_13_a_spec_1,CAST,3,DEFAULT,cast M,30.0,,2023-02-12 00:00:00 +0000,2023-02-17 00:00:00 +0000,160.0,mm,40.0,mm,40.1,mm,100.0,mm,,mm,50.0,N/s,10.545643372864596,N/mm²,2307.9021197007482,kg/m³
49,18762,EXP_FLEX18769,EXP_FLEX_13_a_spec_2,CAST,3,DEFAULT,cast M,30.0,,2023-02-12 00:00:00 +0000,2023-02-17 00:00:00 +0000,160.0,mm,40.0,mm,39.9,mm,100.0,mm,,mm,50.0,N/s,9.848399193472403,N/mm²,2289.708646616542,kg/m³
50,18763,EXP_FLEX18770,EXP_FLEX_13_a_spec_3,CAST,3,DEFAULT,cast M,30.0,,2023-02-12 00:00:00 +0000,2023-02-17 00:00:00 +0000,160.0,mm,40.0,mm,40.0,mm,100.0,mm,,mm,50.0,N/s,10.30078125,N/mm²,2270.703125,kg/m³
51,18764,EXP_FLEX18771,EXP_FLEX_13_a_spec_4,CAST,3,DEFAULT,cast M,30.0,,2023-02-12 00:00:00 +0000,2023-02-17 00:00:00 +0000,160.0,mm,40.0,mm,39.9,mm,100.0,mm,,mm,50.0,N/s,10.955490229332732,N/mm²,2268.170426065163,kg/m³
52,18767,EXP_FLEX18774,EXP_FLEX_13_a_spec_4B1,CAST,4,DEFAULT,cast M,30.0,,2023-02-12 00:00:00 +0000,2023-02-17 00:00:00 +0000,160.0,mm,40.0,mm,40.1,mm,120.0,mm,40.0,mm,75.0,N/s,11.645449966107176,N/mm²,2305.174563591023,kg/m³
53,18768,EXP_FLEX18775,EXP_FLEX_13_a_spec_4B2,CAST,4,DEFAULT,cast M,30.0,,2023-02-12 00:00:00 +0000,2023-02-17 00:00:00 +0000,160.0,mm,40.0,mm,40.1,mm,120.0,mm,40.0,mm,75.0,N/s,9.749939366048718,N/mm²,2255.688902743142,kg/m³
54,18769,EXP_FLEX18776,EXP_FLEX_13_a_spec_4B3,CAST,4,DEFAULT,cast M,30.0,,2023-02-12 00:00:00 +0000,2023-02-17 00:00:00 +0000,160.0,mm,40.0,mm,40.0,mm,120.0,mm,40.0,mm,75.0,N/s,10.20375,N/mm²,2282.8125,kg/m³
55,18770,EXP_FLEX18777,EXP_FLEX_13_a_spec_4B4,CAST,4,DEFAULT,cast M,30.0,,2023-02-12 00:00:00 +0000,2023-02-17 00:00:00 +0000,160.0,mm,40.0,mm,40.0,mm,120.0,mm,40.0,mm,75.0,N/s,10.51875,N/mm²,2298.4375,kg/m³
56,18771,EXP_FLEX18778,EXP_FLEX_13_a_spec_4B5,CAST,4,DEFAULT,cast M,30.0,,2023-02-12 00:00:00 +0000,2023-02-17 00:00:00 +0000,160.0,mm,40.0,mm,40.0,mm,120.0,mm,40.0,mm,75.0,N/s,10.299375,N/mm²,2316.40625,kg/m³
57,18772,EXP_FLEX18779,EXP_FLEX_13_a_spec_4B6,CAST,4,DEFAULT,cast M,30.0,,2023-02-12 00:00:00 +0000,2023-02-17 00:00:00 +0000,160.0,mm,40.0,mm,40.0,mm,120.0,mm,40.0,mm,75.0,N/s,9.399375,N/mm²,2265.234375,kg/m³
58,18838,EXP_FLEX18845,EXP_FLEX_13_a_spec_4C1,CAST,4,DEFAULT,cast C-F1,30.0,,2023-02-12 00:00:00 +0000,2023-02-17 00:00:00 +0000,400.0,mm,100.0,mm,100.1,mm,300.0,mm,100.0,mm,150.0,N/s,9.25448178195431,N/mm²,2196.878121878122,kg/m³
59,18839,EXP_FLEX18846,EXP_FLEX_13_a_spec_4C2,CAST,4,DEFAULT,cast C-F1,30.0,,2023-02-12 00:00:00 +0000,2023-02-17 00:00:00 +0000,400.0,mm,100.0,mm,100.0,mm,300.0,mm,100.0,mm,150.0,N/s,9.6699,N/mm²,2213.625,kg/m³
60,18840,EXP_FLEX18847,EXP_FLEX_13_a_spec_4C3,CAST,4,DEFAULT,cast C-F1,30.0,,2023-02-12 00:00:00 +0000,2023-02-17 00:00:00 +0000,400.0,mm,100.0,mm,99.9,mm,300.0,mm,100.0,mm,150.0,N/s,10.531853174495817,N/mm²,2209.1341341341345,kg/m³
61,18841,EXP_FLEX18848,EXP_FLEX_13_a_spec_4C4,CAST,4,DEFAULT,cast C-F1,30.0,,2023-02-12 00:00:00 +0000,2023-02-17 00:00:00 +0000,400.0,mm,100.0,mm,100.0,mm,300.0,mm,100.0,mm,150.0,N/s,8.9415,N/mm²,2162.325,kg/m³
62,18842,EXP_FLEX18849,EXP_FLEX_13_a_spec_4C5,CAST,4,DEFAULT,cast C-F1,30.0,,2023-02-12 00:00:00 +0000,2023-02-17 00:00:00 +0000,400.0,mm,100.0,mm,100.1,mm,300.0,mm,100.0,mm,150.0,N/s,9.990409191208393,N/mm²,2156.2187812187813,kg/m³
63,18858,EXP_FLEX18865,EXP_FLEX_13_a_spec_4CUW1,U.W,4,DEFAULT,C-F1,30.0,sawing,2023-02-12 00:00:00 +0000,2023-02-17 00:00:00 +0000,400.0,mm,100.0,mm,100.0,mm,300.0,mm,100.0,mm,150.0,N/s,6.8028,N/mm²,2201.85,kg/m³
64,18859,EXP_FLEX18866,EXP_FLEX_13_a_spec_4CUW2,U.W,4,DEFAULT,C-F1,30.0,sawing,2023-02-12 00:00:00 +0000,2023-02-17 00:00:00 +0000,400.0,mm,100.0,mm,100.0,mm,300.0,mm,100.0,mm,150.0,N/s,7.0908,N/mm²,2213.2,kg/m³
65,18860,EXP_FLEX18867,EXP_FLEX_13_a_spec_4CUW3,U.W,4,DEFAULT,C-F1,30.0,sawing,2023-02-12 00:00:00 +0000,2023-02-17 00:00:00 +0000,400.0,mm,100.0,mm,99.9,mm,300.0,mm,100.0,mm,150.0,N/s,7.765423080738396,N/mm²,2161.236236236236,kg/m³
66,18861,EXP_FLEX18868,EXP_FLEX_13_a_spec_4CUW4,U.W,4,DEFAULT,C-F1,30.0,sawing,2023-02-12 00:00:00 +0000,2023-02-17 00:00:00 +0000,399.9,mm,100.0,mm,100.0,mm,300.0,mm,100.0,mm,150.0,N/s,8.5095,N/mm²,2195.0737684421106,kg/m³
67,18862,EXP_FLEX18869,EXP_FLEX_13_a_spec_4CUW5,U.W,4,DEFAULT,C-F1,30.0,sawing,2023-02-12 00:00:00 +0000,2023-02-17 00:00:00 +0000,400.0,mm,100.0,mm,100.0,mm,300.0,mm,100.0,mm,150.0,N/s,6.129,N/mm²,2182.45,kg/m³
68,18808,EXP_FLEX18815,EXP_FLEX_13_a_spec_4D1UW1,U.W,4,DEV1,M,30.0,sawing,2023-02-12 00:00:00 +0000,2023-02-17 00:00:00 +0000,160.0,mm,40.0,mm,39.9,mm,120.0,mm,40.0,mm,75.0,N/s,6.129986620687056,N/mm²,2196.5068922305763,kg/m³
69,18809,EXP_FLEX18816,EXP_FLEX_13_a_spec_4D1UW2,U.W,4,DEV1,M,30.0,sawing,2023-02-12 00:00:00 +0000,2023-02-17 00:00:00 +0000,160.0,mm,40.0,mm,40.0,mm,120.0,mm,40.0,mm,75.0,N/s,5.799375,N/mm²,2208.59375,kg/m³
70,18810,EXP_FLEX18817,EXP_FLEX_13_a_spec_4D1UW3,U.W,4,DEV1,M,30.0,sawing,2023-02-12 00:00:00 +0000,2023-02-17 00:00:00 +0000,160.0,mm,40.0,mm,40.0,mm,120.0,mm,40.0,mm,75.0,N/s,5.199375,N/mm²,2209.765625,kg/m³
71,18811,EXP_FLEX18818,EXP_FLEX_13_a_spec_4D1UW4,U.W,4,DEV1,M,30.0,sawing,2023-02-12 00:00:00 +0000,2023-02-17 00:00:00 +0000,160.0,mm,40.0,mm,40.0,mm,120.0,mm,40.0,mm,75.0,N/s,6.0375,N/mm²,2184.765625,kg/m³
72,18812,EXP_FLEX18819,EXP_FLEX_13_a_spec_4D1UW5,U.W,4,DEV1,M,30.0,sawing,2023-02-12 00:00:00 +0000,2023-02-17 00:00:00 +0000,159.9,mm,40.0,mm,40.0,mm,120.0,mm,40.0,mm,75.0,N/s,6.800625,N/mm²,2191.6041275797375,kg/m³
73,18828,EXP_FLEX18835,EXP_FLEX_13_a_spec_4D2UW1,U.W,4,DEV2,M,30.0,sawing,2023-02-12 00:00:00 +0000,2023-02-17 00:00:00 +0000,160.0,mm,40.0,mm,40.0,mm,120.0,mm,40.0,mm,75.0,N/s,4.8,N/mm²,2082.8125,kg/m³
74,18829,EXP_FLEX18836,EXP_FLEX_13_a_spec_4D2UW2,U.W,4,DEV2,M,30.0,sawing,2023-02-12 00:00:00 +0000,2023-02-17 00:00:00 +0000,160.0,mm,40.0,mm,40.0,mm,120.0,mm,40.0,mm,75.0,N/s,6.699375,N/mm²,2053.515625,kg/m³
75,18830,EXP_FLEX18837,EXP_FLEX_13_a_spec_4D2UW3,U.W,4,DEV2,M,30.0,sawing,2023-02-12 00:00:00 +0000,2023-02-17 00:00:00 +0000,160.0,mm,40.0,mm,40.0,mm,120.0,mm,40.0,mm,75.0,N/s,5.799375,N/mm²,2119.53125,kg/m³
76,18831,EXP_FLEX18838,EXP_FLEX_13_a_spec_4D2UW4,U.W,4,DEV2,M,30.0,sawing,2023-02-12 00:00:00 +0000,2023-02-17 00:00:00 +0000,160.0,mm,39.9,mm,40.0,mm,120.0,mm,40.0,mm,75.0,N/s,5.417293233082707,N/mm²,2111.920426065163,kg/m³
77,18832,EXP_FLEX18839,EXP_FLEX_13_a_spec_4D2UW5,U.W,4,DEV2,M,30.0,sawing,2023-02-12 00:00:00 +0000,2023-02-17 00:00:00 +0000,160.0,mm,40.0,mm,40.0,mm,120.0,mm,40.0,mm,75.0,N/s,6.585,N/mm²,2056.640625,kg/m³
78,18788,EXP_FLEX18795,EXP_FLEX_13_a_spec_4UW1,U.W,4,DEFAULT,M,30.0,sawing,2023-02-12 00:00:00 +0000,2023-02-17 00:00:00 +0000,160.0,mm,40.0,mm,40.0,mm,120.0,mm,40.0,mm,75.0,N/s,6.19875,N/mm²,2209.375,kg/m³
79,18789,EXP_FLEX18796,EXP_FLEX_13_a_spec_4UW2,U.W,4,DEFAULT,M,30.0,sawing,2023-02-12 00:00:00 +0000,2023-02-17 00:00:00 +0000,160.0,mm,40.0,mm,40.0,mm,120.0,mm,40.0,mm,75.0,N/s,7.299375,N/mm²,2250.390625,kg/m³
80,18790,EXP_FLEX18797,EXP_FLEX_13_a_spec_4UW3,U.W,4,DEFAULT,M,30.0,sawing,2023-02-12 00:00:00 +0000,2023-02-17 00:00:00 +0000,160.0,mm,40.0,mm,40.0,mm,120.0,mm,40.0,mm,75.0,N/s,8.900625,N/mm²,2201.171875,kg/m³
81,18791,EXP_FLEX18798,EXP_FLEX_13_a_spec_4UW4,U.W,4,DEFAULT,M,30.0,sawing,2023-02-12 00:00:00 +0000,2023-02-17 00:00:00 +0000,160.0,mm,40.0,mm,40.0,mm,120.0,mm,40.0,mm,75.0,N/s,7.100625,N/mm²,2192.1875,kg/m³
82,18792,EXP_FLEX18799,EXP_FLEX_13_a_spec_4UW5,U.W,4,DEFAULT,M,30.0,sawing,2023-02-12 00:00:00 +0000,2023-02-17 00:00:00 +0000,160.0,mm,40.0,mm,39.9,mm,120.0,mm,40.0,mm,75.0,N/s,7.239904271958092,N/mm²,2157.7380952380954,kg/m³
83,18765,EXP_FLEX18772,EXP_FLEX_13_a_spec_5,CAST,3,DEFAULT,cast M,30.0,,2023-02-12 00:00:00 +0000,2023-02-17 00:00:00 +0000,160.0,mm,40.0,mm,40.0,mm,100.0,mm,,mm,50.0,N/s,10.00078125,N/mm²,2271.484375,kg/m³
84,18766,EXP_FLEX18773,EXP_FLEX_13_a_spec_6,CAST,3,DEFAULT,cast M,30.0,,2023-02-12 00:00:00 +0000,2023-02-17 00:00:00 +0000,160.0,mm,40.0,mm,40.0,mm,100.0,mm,,mm,50.0,N/s,11.59921875,N/mm²,2267.96875,kg/m³
85,18833,EXP_FLEX18840,EXP_FLEX_13_a_spec_C1,CAST,3,DEFAULT,cast C-F1,30.0,,2023-02-12 00:00:00 +0000,2023-02-17 00:00:00 +0000,400.0,mm,100.0,mm,99.9,mm,300.0,mm,,mm,100.0,N/s,9.222736249763276,N/mm²,2211.711711711712,kg/m³
86,18834,EXP_FLEX18841,EXP_FLEX_13_a_spec_C2,CAST,3,DEFAULT,cast C-F1,30.0,,2023-02-12 00:00:00 +0000,2023-02-17 00:00:00 +0000,400.0,mm,100.0,mm,100.1,mm,300.0,mm,,mm,100.0,N/s,10.499091318272137,N/mm²,2173.626373626374,kg/m³
87,18835,EXP_FLEX18842,EXP_FLEX_13_a_spec_C3,CAST,3,DEFAULT,cast C-F1,30.0,,2023-02-12 00:00:00 +0000,2023-02-17 00:00:00 +0000,400.0,mm,100.0,mm,100.2,mm,300.0,mm,,mm,100.0,N/s,8.379647889849045,N/mm²,2176.172654690619,kg/m³
88,18836,EXP_FLEX18843,EXP_FLEX_13_a_spec_C4,CAST,3,DEFAULT,cast C-F1,30.0,,2023-02-12 00:00:00 +0000,2023-02-17 00:00:00 +0000,400.0,mm,100.0,mm,100.0,mm,300.0,mm,,mm,100.0,N/s,9.06165,N/mm²,2143.45,kg/m³
89,18837,EXP_FLEX18844,EXP_FLEX_13_a_spec_C5,CAST,3,DEFAULT,cast C-F1,30.0,,2023-02-12 00:00:00 +0000,2023-02-17 00:00:00 +0000,400.0,mm,100.0,mm,99.9,mm,300.0,mm,,mm,100.0,N/s,8.724941157373589,N/mm²,2190.5155155155153,kg/m³
90,18843,EXP_FLEX18850,EXP_FLEX_13_a_spec_CUW1,U.W,3,DEFAULT,C-F1,30.0,sawing,2023-02-12 00:00:00 +0000,2023-02-17 00:00:00 +0000,400.0,mm,100.0,mm,99.9,mm,300.0,mm,,mm,100.0,N/s,8.708257807356906,N/mm²,2163.4134134134133,kg/m³
91,18844,EXP_FLEX18851,EXP_FLEX_13_a_spec_CUW2,U.W,3,DEFAULT,C-F1,30.0,sawing,2023-02-12 00:00:00 +0000,2023-02-17 00:00:00 +0000,400.0,mm,100.0,mm,100.0,mm,300.0,mm,,mm,100.0,N/s,7.08615,N/mm²,2150.075,kg/m³
92,18845,EXP_FLEX18852,EXP_FLEX_13_a_spec_CUW3,U.W,3,DEFAULT,C-F1,30.0,sawing,2023-02-12 00:00:00 +0000,2023-02-17 00:00:00 +0000,400.0,mm,100.0,mm,100.0,mm,300.0,mm,,mm,100.0,N/s,6.90975,N/mm²,2189.2,kg/m³
93,18846,EXP_FLEX18853,EXP_FLEX_13_a_spec_CUW4,U.W,3,DEFAULT,C-F1,30.0,sawing,2023-02-12 00:00:00 +0000,2023-02-17 00:00:00 +0000,400.0,mm,100.0,mm,100.0,mm,300.0,mm,,mm,100.0,N/s,7.2126,N/mm²,2181.2,kg/m³
94,18847,EXP_FLEX18854,EXP_FLEX_13_a_spec_CUW5,U.W,3,DEFAULT,C-F1,30.0,sawing,2023-02-12 00:00:00 +0000,2023-02-17 00:00:00 +0000,400.0,mm,100.0,mm,100.0,mm,300.0,mm,,mm,100.0,N/s,7.39305,N/mm²,2184.3,kg/m³
95,18848,EXP_FLEX18855,EXP_FLEX_13_a_spec_CVU1,V.U,3,DEFAULT,C-F2,30.0,sawing,2023-02-12 00:00:00 +0000,2023-02-17 00:00:00 +0000,400.0,mm,100.0,mm,100.0,mm,300.0,mm,,mm,100.0,N/s,11.1825,N/mm²,2176.525,kg/m³
96,18849,EXP_FLEX18856,EXP_FLEX_13_a_spec_CVU2,V.U,3,DEFAULT,C-F2,30.0,sawing,2023-02-12 00:00:00 +0000,2023-02-17 00:00:00 +0000,400.0,mm,100.0,mm,100.0,mm,300.0,mm,,mm,100.0,N/s,9.78525,N/mm²,2199.925,kg/m³
97,18850,EXP_FLEX18857,EXP_FLEX_13_a_spec_CVU3,V.U,3,DEFAULT,C-F2,30.0,sawing,2023-02-12 00:00:00 +0000,2023-02-17 00:00:00 +0000,400.0,mm,100.0,mm,100.0,mm,300.0,mm,,mm,100.0,N/s,10.28025,N/mm²,2209.75,kg/m³
98,18851,EXP_FLEX18858,EXP_FLEX_13_a_spec_CVU4,V.U,3,DEFAULT,C-F2,30.0,sawing,2023-02-12 00:00:00 +0000,2023-02-17 00:00:00 +0000,399.9,mm,100.0,mm,100.0,mm,300.0,mm,,mm,100.0,N/s,9.2034,N/mm²,2172.068017004251,kg/m³
99,18852,EXP_FLEX18859,EXP_FLEX_13_a_spec_CVU5,V.U,3,DEFAULT,C-F2,30.0,sawing,2023-02-12 00:00:00 +0000,2023-02-17 00:00:00 +0000,400.0,mm,100.0,mm,100.0,mm,300.0,mm,,mm,100.0,N/s,9.4653,N/mm²,2171.85,kg/m³
100,18853,EXP_FLEX18860,EXP_FLEX_13_a_spec_CWU1,W.U,3,DEFAULT,C-F2,30.0,sawing,2023-02-12 00:00:00 +0000,2023-02-17 00:00:00 +0000,400.0,mm,100.0,mm,100.0,mm,300.0,mm,,mm,100.0,N/s,9.77805,N/mm²,2213.2,kg/m³
101,18854,EXP_FLEX18861,EXP_FLEX_13_a_spec_CWU2,W.U,3,DEFAULT,C-F2,30.0,sawing,2023-02-12 00:00:00 +0000,2023-02-17 00:00:00 +0000,400.0,mm,100.0,mm,100.0,mm,300.0,mm,,mm,100.0,N/s,8.6355,N/mm²,2184.175,kg/m³
102,18855,EXP_FLEX18862,EXP_FLEX_13_a_spec_CWU3,W.U,3,DEFAULT,C-F2,30.0,sawing,2023-02-12 00:00:00 +0000,2023-02-17 00:00:00 +0000,400.0,mm,100.0,mm,100.0,mm,300.0,mm,,mm,100.0,N/s,9.11385,N/mm²,2188.425,kg/m³
103,18856,EXP_FLEX18863,EXP_FLEX_13_a_spec_CWU4,W.U,3,DEFAULT,C-F2,30.0,sawing,2023-02-12 00:00:00 +0000,2023-02-17 00:00:00 +0000,400.0,mm,99.9,mm,100.0,mm,300.0,mm,,mm,100.0,N/s,9.068468468468469,N/mm²,2174.2992992992995,kg/m³
104,18857,EXP_FLEX18864,EXP_FLEX_13_a_spec_CWU5,W.U,3,DEFAULT,C-F2,30.0,sawing,2023-02-12 00:00:00 +0000,2023-02-17 00:00:00 +0000,400.0,mm,100.0,mm,100.0,mm,300.0,mm,,mm,100.0,N/s,10.18575,N/mm²,2206.35,kg/m³
105,18793,EXP_FLEX18800,EXP_FLEX_13_a_spec_D1UW1,U.W,3,DEV1,M,30.0,sawing,2023-02-12 00:00:00 +0000,2023-02-17 00:00:00 +0000,160.0,mm,40.0,mm,39.9,mm,100.0,mm,,mm,50.0,N/s,6.637835189477453,N/mm²,2212.9542606516293,kg/m³
106,18794,EXP_FLEX18801,EXP_FLEX_13_a_spec_D1UW2,U.W,3,DEV1,M,30.0,sawing,2023-02-12 00:00:00 +0000,2023-02-17 00:00:00 +0000,160.0,mm,40.0,mm,40.0,mm,100.0,mm,,mm,50.0,N/s,6.02109375,N/mm²,2216.40625,kg/m³
107,18795,EXP_FLEX18802,EXP_FLEX_13_a_spec_D1UW3,U.W,3,DEV1,M,30.0,sawing,2023-02-12 00:00:00 +0000,2023-02-17 00:00:00 +0000,160.0,mm,40.0,mm,40.0,mm,100.0,mm,,mm,50.0,N/s,6.19921875,N/mm²,2171.484375,kg/m³
108,18796,EXP_FLEX18803,EXP_FLEX_13_a_spec_D1UW4,U.W,3,DEV1,M,30.0,sawing,2023-02-12 00:00:00 +0000,2023-02-17 00:00:00 +0000,160.0,mm,40.0,mm,40.0,mm,100.0,mm,,mm,50.0,N/s,7.30078125,N/mm²,2198.828125,kg/m³
109,18797,EXP_FLEX18804,EXP_FLEX_13_a_spec_D1UW5,U.W,3,DEV1,M,30.0,sawing,2023-02-12 00:00:00 +0000,2023-02-17 00:00:00 +0000,160.0,mm,40.0,mm,40.0,mm,100.0,mm,,mm,50.0,N/s,6.70078125,N/mm²,2239.84375,kg/m³
110,18798,EXP_FLEX18805,EXP_FLEX_13_a_spec_D1VU1,V.U,3,DEV1,M,30.0,sawing,2023-02-12 00:00:00 +0000,2023-02-17 00:00:00 +0000,160.0,mm,40.0,mm,40.0,mm,100.0,mm,,mm,50.0,N/s,9.0,N/mm²,2217.578125,kg/m³
111,18799,EXP_FLEX18806,EXP_FLEX_13_a_spec_D1VU2,V.U,3,DEV1,M,30.0,sawing,2023-02-12 00:00:00 +0000,2023-02-17 00:00:00 +0000,160.0,mm,40.0,mm,40.0,mm,100.0,mm,,mm,50.0,N/s,10.09921875,N/mm²,2194.53125,kg/m³
112,18800,EXP_FLEX18807,EXP_FLEX_13_a_spec_D1VU3,V.U,3,DEV1,M,30.0,sawing,2023-02-12 00:00:00 +0000,2023-02-17 00:00:00 +0000,160.0,mm,40.1,mm,40.0,mm,100.0,mm,,mm,50.0,N/s,9.67425187032419,N/mm²,2240.8821695760603,kg/m³
113,18801,EXP_FLEX18808,EXP_FLEX_13_a_spec_D1VU4,V.U,3,DEV1,M,30.0,sawing,2023-02-12 00:00:00 +0000,2023-02-17 00:00:00 +0000,160.0,mm,40.0,mm,40.0,mm,100.0,mm,,mm,50.0,N/s,8.80078125,N/mm²,2206.640625,kg/m³
114,18802,EXP_FLEX18809,EXP_FLEX_13_a_spec_D1VU5,V.U,3,DEV1,M,30.0,sawing,2023-02-12 00:00:00 +0000,2023-02-17 00:00:00 +0000,160.0,mm,40.0,mm,40.0,mm,100.0,mm,,mm,50.0,N/s,10.60078125,N/mm²,2182.421875,kg/m³
115,18803,EXP_FLEX18810,EXP_FLEX_13_a_spec_D1WU1,W.U,3,DEV1,M,30.0,sawing,2023-02-12 00:00:00 +0000,2023-02-17 00:00:00 +0000,160.0,mm,40.0,mm,40.0,mm,100.0,mm,,mm,50.0,N/s,10.5046875,N/mm²,2237.109375,kg/m³
116,18804,EXP_FLEX18811,EXP_FLEX_13_a_spec_D1WU2,W.U,3,DEV1,M,30.0,sawing,2023-02-12 00:00:00 +0000,2023-02-17 00:00:00 +0000,160.0,mm,40.0,mm,40.0,mm,100.0,mm,,mm,50.0,N/s,8.20078125,N/mm²,2183.59375,kg/m³
117,18805,EXP_FLEX18812,EXP_FLEX_13_a_spec_D1WU3,W.U,3,DEV1,M,30.0,sawing,2023-02-12 00:00:00 +0000,2023-02-17 00:00:00 +0000,160.0,mm,40.0,mm,40.0,mm,100.0,mm,,mm,50.0,N/s,9.3,N/mm²,2163.671875,kg/m³
118,18806,EXP_FLEX18813,EXP_FLEX_13_a_spec_D1WU4,W.U,3,DEV1,M,30.0,sawing,2023-02-12 00:00:00 +0000,2023-02-17 00:00:00 +0000,160.0,mm,40.0,mm,40.0,mm,100.0,mm,,mm,50.0,N/s,8.29921875,N/mm²,2231.640625,kg/m³
119,18807,EXP_FLEX18814,EXP_FLEX_13_a_spec_D1WU5,W.U,3,DEV1,M,30.0,sawing,2023-02-12 00:00:00 +0000,2023-02-17 00:00:00 +0000,160.0,mm,40.0,mm,40.0,mm,100.0,mm,,mm,50.0,N/s,10.09921875,N/mm²,2202.734375,kg/m³
120,18813,EXP_FLEX18820,EXP_FLEX_13_a_spec_D2UW1,U.W,3,DEV2,M,30.0,sawing,2023-02-12 00:00:00 +0000,2023-02-17 00:00:00 +0000,160.0,mm,40.0,mm,40.0,mm,100.0,mm,,mm,50.0,N/s,6.29765625,N/mm²,2050.0,kg/m³
121,18814,EXP_FLEX18821,EXP_FLEX_13_a_spec_D2UW2,U.W,3,DEV2,M,30.0,sawing,2023-02-12 00:00:00 +0000,2023-02-17 00:00:00 +0000,160.0,mm,40.0,mm,40.0,mm,100.0,mm,,mm,50.0,N/s,5.59921875,N/mm²,2094.921875,kg/m³
122,18815,EXP_FLEX18822,EXP_FLEX_13_a_spec_D2UW3,U.W,3,DEV2,M,30.0,sawing,2023-02-12 00:00:00 +0000,2023-02-17 00:00:00 +0000,160.0,mm,40.0,mm,40.0,mm,100.0,mm,,mm,50.0,N/s,7.1953125,N/mm²,2079.296875,kg/m³
123,18816,EXP_FLEX18823,EXP_FLEX_13_a_spec_D2UW4,U.W,3,DEV2,M,30.0,sawing,2023-02-12 00:00:00 +0000,2023-02-17 00:00:00 +0000,160.0,mm,40.0,mm,40.0,mm,100.0,mm,,mm,50.0,N/s,5.50078125,N/mm²,2121.875,kg/m³
124,18817,EXP_FLEX18824,EXP_FLEX_13_a_spec_D2UW5,U.W,3,DEV2,M,30.0,sawing,2023-02-12 00:00:00 +0000,2023-02-17 00:00:00 +0000,160.0,mm,40.0,mm,39.9,mm,100.0,mm,,mm,50.0,N/s,6.531837111575933,N/mm²,2115.0532581453635,kg/m³
125,18818,EXP_FLEX18825,EXP_FLEX_13_a_spec_D2VU1,V.U,3,DEV2,M,30.0,sawing,2023-02-12 00:00:00 +0000,2023-02-17 00:00:00 +0000,160.0,mm,40.0,mm,40.0,mm,100.0,mm,,mm,50.0,N/s,8.29921875,N/mm²,2134.765625,kg/m³
126,18819,EXP_FLEX18826,EXP_FLEX_13_a_spec_D2VU2,V.U,3,DEV2,M,30.0,sawing,2023-02-12 00:00:00 +0000,2023-02-17 00:00:00 +0000,160.0,mm,40.0,mm,40.0,mm,100.0,mm,,mm,50.0,N/s,10.30078125,N/mm²,2056.25,kg/m³
127,18820,EXP_FLEX18827,EXP_FLEX_13_a_spec_D2VU3,V.U,3,DEV2,M,30.0,sawing,2023-02-12 00:00:00 +0000,2023-02-17 00:00:00 +0000,160.0,mm,40.0,mm,40.0,mm,100.0,mm,,mm,50.0,N/s,10.90078125,N/mm²,2131.25,kg/m³
128,18821,EXP_FLEX18828,EXP_FLEX_13_a_spec_D2VU4,V.U,3,DEV2,M,30.0,sawing,2023-02-12 00:00:00 +0000,2023-02-17 00:00:00 +0000,160.0,mm,40.0,mm,40.0,mm,100.0,mm,,mm,50.0,N/s,9.10078125,N/mm²,2078.125,kg/m³
129,18822,EXP_FLEX18829,EXP_FLEX_13_a_spec_D2VU5,V.U,3,DEV2,M,30.0,sawing,2023-02-12 00:00:00 +0000,2023-02-17 00:00:00 +0000,160.0,mm,40.0,mm,40.0,mm,100.0,mm,,mm,50.0,N/s,9.6046875,N/mm²,2050.390625,kg/m³
130,18823,EXP_FLEX18830,EXP_FLEX_13_a_spec_D2WU1,W.U,3,DEV2,M,30.0,sawing,2023-02-12 00:00:00 +0000,2023-02-17 00:00:00 +0000,160.0,mm,40.0,mm,40.0,mm,100.0,mm,,mm,50.0,N/s,8.3953125,N/mm²,2072.265625,kg/m³
131,18824,EXP_FLEX18831,EXP_FLEX_13_a_spec_D2WU2,W.U,3,DEV2,M,30.0,sawing,2023-02-12 00:00:00 +0000,2023-02-17 00:00:00 +0000,160.0,mm,40.0,mm,40.0,mm,100.0,mm,,mm,50.0,N/s,8.89921875,N/mm²,2113.28125,kg/m³
132,18825,EXP_FLEX18832,EXP_FLEX_13_a_spec_D2WU3,W.U,3,DEV2,M,30.0,sawing,2023-02-12 00:00:00 +0000,2023-02-17 00:00:00 +0000,160.0,mm,40.0,mm,40.0,mm,100.0,mm,,mm,50.0,N/s,9.49921875,N/mm²,2089.0625,kg/m³
133,18826,EXP_FLEX18833,EXP_FLEX_13_a_spec_D2WU4,W.U,3,DEV2,M,30.0,sawing,2023-02-12 00:00:00 +0000,2023-02-17 00:00:00 +0000,160.0,mm,40.0,mm,40.1,mm,100.0,mm,,mm,50.0,N/s,7.959372143208064,N/mm²,2060.8634663341645,kg/m³
134,18827,EXP_FLEX18834,EXP_FLEX_13_a_spec_D2WU5,W.U,3,DEV2,M,30.0,sawing,2023-02-12 00:00:00 +0000,2023-02-17 00:00:00 +0000,160.0,mm,40.0,mm,40.0,mm,100.0,mm,,mm,50.0,N/s,9.19921875,N/mm²,2102.734375,kg/m³
135,18773,EXP_FLEX18780,EXP_FLEX_13_a_spec_UW1,U.W,3,DEFAULT,M,30.0,sawing,2023-02-12 00:00:00 +0000,2023-02-17 00:00:00 +0000,160.0,mm,40.0,mm,40.0,mm,100.0,mm,,mm,50.0,N/s,7.79296875,N/mm²,2218.359375,kg/m³
136,18774,EXP_FLEX18781,EXP_FLEX_13_a_spec_UW2,U.W,3,DEFAULT,M,30.0,sawing,2023-02-12 00:00:00 +0000,2023-02-17 00:00:00 +0000,160.0,mm,40.0,mm,40.0,mm,100.0,mm,,mm,50.0,N/s,6.19921875,N/mm²,2224.21875,kg/m³
137,18775,EXP_FLEX18782,EXP_FLEX_13_a_spec_UW3,U.W,3,DEFAULT,M,30.0,sawing,2023-02-12 00:00:00 +0000,2023-02-17 00:00:00 +0000,159.9,mm,40.0,mm,40.0,mm,100.0,mm,,mm,50.0,N/s,8.09296875,N/mm²,2172.8424015009377,kg/m³
138,18776,EXP_FLEX18783,EXP_FLEX_13_a_spec_UW4,U.W,3,DEFAULT,M,30.0,sawing,2023-02-12 00:00:00 +0000,2023-02-17 00:00:00 +0000,160.0,mm,40.0,mm,39.9,mm,100.0,mm,,mm,50.0,N/s,8.84495072267134,N/mm²,2190.632832080201,kg/m³
139,18777,EXP_FLEX18784,EXP_FLEX_13_a_spec_UW5,U.W,3,DEFAULT,M,30.0,sawing,2023-02-12 00:00:00 +0000,2023-02-17 00:00:00 +0000,160.0,mm,40.0,mm,40.0,mm,100.0,mm,,mm,50.0,N/s,7.39921875,N/mm²,2203.125,kg/m³
140,18778,EXP_FLEX18785,EXP_FLEX_13_a_spec_VU1,V.U,3,DEFAULT,M,30.0,sawing,2023-02-12 00:00:00 +0000,2023-02-17 00:00:00 +0000,160.0,mm,40.0,mm,40.0,mm,100.0,mm,,mm,50.0,N/s,11.4,N/mm²,2165.234375,kg/m³
141,18779,EXP_FLEX18786,EXP_FLEX_13_a_spec_VU2,V.U,3,DEFAULT,M,30.0,sawing,2023-02-12 00:00:00 +0000,2023-02-17 00:00:00 +0000,160.0,mm,40.0,mm,40.0,mm,100.0,mm,,mm,50.0,N/s,11.7984375,N/mm²,2243.75,kg/m³
142,18780,EXP_FLEX18787,EXP_FLEX_13_a_spec_VU3,V.U,3,DEFAULT,M,30.0,sawing,2023-02-12 00:00:00 +0000,2023-02-17 00:00:00 +0000,160.0,mm,40.0,mm,40.0,mm,100.0,mm,,mm,50.0,N/s,8.29921875,N/mm²,2155.859375,kg/m³
143,18781,EXP_FLEX18788,EXP_FLEX_13_a_spec_VU4,V.U,3,DEFAULT,M,30.0,sawing,2023-02-12 00:00:00 +0000,2023-02-17 00:00:00 +0000,160.0,mm,40.0,mm,39.9,mm,100.0,mm,,mm,50.0,N/s,10.149904837281174,N/mm²,2182.8007518796994,kg/m³
144,18782,EXP_FLEX18789,EXP_FLEX_13_a_spec_VU5,V.U,3,DEFAULT,M,30.0,sawing,2023-02-12 00:00:00 +0000,2023-02-17 00:00:00 +0000,160.0,mm,40.0,mm,40.0,mm,100.0,mm,,mm,50.0,N/s,10.5984375,N/mm²,2178.515625,kg/m³
145,18783,EXP_FLEX18790,EXP_FLEX_13_a_spec_WU1,W.U,3,DEFAULT,M,30.0,sawing,2023-02-12 00:00:00 +0000,2023-02-17 00:00:00 +0000,160.0,mm,40.0,mm,40.0,mm,100.0,mm,,mm,50.0,N/s,10.60078125,N/mm²,2196.875,kg/m³
146,18784,EXP_FLEX18791,EXP_FLEX_13_a_spec_WU2,W.U,3,DEFAULT,M,30.0,sawing,2023-02-12 00:00:00 +0000,2023-02-17 00:00:00 +0000,160.0,mm,40.0,mm,40.0,mm,100.0,mm,,mm,50.0,N/s,9.6,N/mm²,2235.9375,kg/m³
147,18785,EXP_FLEX18792,EXP_FLEX_13_a_spec_WU3,W.U,3,DEFAULT,M,30.0,sawing,2023-02-12 00:00:00 +0000,2023-02-17 00:00:00 +0000,160.0,mm,40.0,mm,40.0,mm,100.0,mm,,mm,50.0,N/s,11.29921875,N/mm²,2248.828125,kg/m³
148,18786,EXP_FLEX18793,EXP_FLEX_13_a_spec_WU4,W.U,3,DEFAULT,M,30.0,sawing,2023-02-12 00:00:00 +0000,2023-02-17 00:00:00 +0000,159.9,mm,40.0,mm,40.0,mm,100.0,mm,,mm,50.0,N/s,9.0140625,N/mm²,2243.198874296435,kg/m³
149,18787,EXP_FLEX18794,EXP_FLEX_13_a_spec_WU5,W.U,3,DEFAULT,M,30.0,sawing,2023-02-12 00:00:00 +0000,2023-02-17 00:00:00 +0000,160.0,mm,40.0,mm,40.0,mm,100.0,mm,,mm,50.0,N/s,10.5,N/mm²,2175.390625,kg/m³
150,22208,EXP_FLEX22215,EXP_FLEX_19_a_spec_103,CAST,3,DEFAULT,cast FLEX1,29.0,cast,2023-02-09 00:00:00 +0000,2023-03-09 00:00:00 +0000,162.82,mm,40.4,mm,40.23,mm,120.0,mm,,mm,50.0,N/s,18.761949565024917,N/mm²,2246.3813717915327,kg/m³
151,22209,EXP_FLEX22216,EXP_FLEX_19_a_spec_104,CAST,3,DEFAULT,cast FLEX1,29.0,cast,2023-02-09 00:00:00 +0000,2023-03-09 00:00:00 +0000,162.59,mm,40.78,mm,40.44,mm,120.0,mm,,mm,50.0,N/s,22.814787479975948,N/mm²,2238.319527754865,kg/m³
152,22210,EXP_FLEX22217,EXP_FLEX_19_a_spec_105,CAST,3,DEFAULT,cast FLEX1,29.0,cast,2023-02-09 00:00:00 +0000,2023-03-09 00:00:00 +0000,162.41,mm,40.41,mm,40.29,mm,120.0,mm,,mm,50.0,N/s,19.888769005026333,N/mm²,2272.5726430477403,kg/m³
153,22211,EXP_FLEX22218,EXP_FLEX_19_a_spec_106,CAST,3,DEFAULT,cast FLEX1,29.0,cast,2023-02-09 00:00:00 +0000,2023-03-09 00:00:00 +0000,161.0,mm,40.47,mm,40.22,mm,120.0,mm,,mm,50.0,N/s,20.33996130196758,N/mm²,2206.2102349980455,kg/m³
154,22212,EXP_FLEX22219,EXP_FLEX_19_a_spec_107,CAST,3,DEFAULT,cast FLEX1,29.0,cast,2023-02-09 00:00:00 +0000,2023-03-09 00:00:00 +0000,161.03,mm,40.43,mm,40.27,mm,120.0,mm,,mm,50.0,N/s,22.028891092162894,N/mm²,2213.9746895500857,kg/m³
155,22213,EXP_FLEX22220,EXP_FLEX_19_a_spec_108,CAST,3,DEFAULT,cast FLEX1,29.0,cast,2023-02-09 00:00:00 +0000,2023-03-09 00:00:00 +0000,161.71,mm,40.52,mm,40.31,mm,120.0,mm,,mm,50.0,N/s,19.44662876226888,N/mm²,2184.4476804003184,kg/m³
156,22172,EXP_FLEX22179,EXP_FLEX_19_a_spec_43,U.W,3,DEFAULT,FLEX1,29.0,sawing,2023-03-02 00:00:00 +0000,2023-03-09 00:00:00 +0000,161.71,mm,40.65,mm,40.71,mm,120.0,mm,,mm,50.0,N/s,8.980520759309496,N/mm²,2217.051691097139,kg/m³
157,22173,EXP_FLEX22180,EXP_FLEX_19_a_spec_44,U.W,3,DEFAULT,FLEX1,29.0,sawing,2023-03-02 00:00:00 +0000,2023-03-09 00:00:00 +0000,161.52,mm,39.99,mm,39.97,mm,120.0,mm,,mm,50.0,N/s,10.90831995991387,N/mm²,2037.3499322679372,kg/m³
158,22174,EXP_FLEX22181,EXP_FLEX_19_a_spec_45,U.W,3,DEFAULT,FLEX1,29.0,sawing,2023-03-02 00:00:00 +0000,2023-03-09 00:00:00 +0000,160.94,mm,40.76,mm,40.81,mm,120.0,mm,,mm,50.0,N/s,8.912817209646168,N/mm²,2124.275422719683,kg/m³
159,22175,EXP_FLEX22182,EXP_FLEX_19_a_spec_46,U.W,3,DEFAULT,FLEX1,29.0,sawing,2023-03-02 00:00:00 +0000,2023-03-09 00:00:00 +0000,160.81,mm,39.97,mm,40.71,mm,120.0,mm,,mm,50.0,N/s,8.559466684130008,N/mm²,2102.484557886015,kg/m³
160,22176,EXP_FLEX22183,EXP_FLEX_19_a_spec_47,U.W,3,DEFAULT,FLEX1,29.0,sawing,2023-03-02 00:00:00 +0000,2023-03-09 00:00:00 +0000,160.66,mm,38.72,mm,40.43,mm,120.0,mm,,mm,50.0,N/s,9.047846422963937,N/mm²,2055.4650093071577,kg/m³
161,22177,EXP_FLEX22184,EXP_FLEX_19_a_spec_48,U.W,3,DEFAULT,FLEX1,29.0,sawing,2023-03-02 00:00:00 +0000,2023-03-09 00:00:00 +0000,161.02,mm,39.24,mm,41.24,mm,120.0,mm,,mm,50.0,N/s,10.756665846069298,N/mm²,2046.9211199282222,kg/m³
162,22178,EXP_FLEX22185,EXP_FLEX_19_a_spec_49,U.W,3,DEV2,FLEX1,29.0,sawing,2023-03-02 00:00:00 +0000,2023-03-09 00:00:00 +0000,161.72,mm,41.94,mm,41.22,mm,120.0,mm,,mm,50.0,N/s,4.003661673692869,N/mm²,2001.1362420893277,kg/m³
163,22179,EXP_FLEX22186,EXP_FLEX_19_a_spec_50,U.W,3,DEV2,FLEX1,29.0,sawing,2023-03-02 00:00:00 +0000,2023-03-09 00:00:00 +0000,161.19,mm,41.84,mm,42.76,mm,120.0,mm,,mm,50.0,N/s,5.266096392290168,N/mm²,1995.1345895562456,kg/m³
164,22180,EXP_FLEX22187,EXP_FLEX_19_a_spec_51,U.W,3,DEV2,FLEX1,29.0,sawing,2023-03-02 00:00:00 +0000,2023-03-09 00:00:00 +0000,161.35,mm,42.09,mm,42.96,mm,120.0,mm,,mm,50.0,N/s,4.1091746023999045,N/mm²,2065.563637737296,kg/m³
165,22181,EXP_FLEX22188,EXP_FLEX_19_a_spec_52,U.W,3,DEV2,FLEX1,29.0,sawing,2023-03-02 00:00:00 +0000,2023-03-09 00:00:00 +0000,160.77,mm,41.14,mm,42.17,mm,120.0,mm,,mm,50.0,N/s,5.720368058252377,N/mm²,2044.2738794638838,kg/m³
166,22182,EXP_FLEX22189,EXP_FLEX_19_a_spec_53,U.W,3,DEV2,FLEX1,29.0,sawing,2023-03-02 00:00:00 +0000,2023-03-09 00:00:00 +0000,159.82,mm,39.32,mm,40.02,mm,120.0,mm,,mm,50.0,N/s,9.706834482450839,N/mm²,2103.458520253791,kg/m³
167,22184,EXP_FLEX22191,EXP_FLEX_19_a_spec_55,V.U,3,DEFAULT,FLEX2,29.0,sawing,2023-03-02 00:00:00 +0000,2023-03-09 00:00:00 +0000,160.25,mm,41.32,mm,41.43,mm,120.0,mm,,mm,50.0,N/s,12.721808123190918,N/mm²,2057.704315598812,kg/m³
168,22185,EXP_FLEX22192,EXP_FLEX_19_a_spec_56,V.U,3,DEFAULT,FLEX2,29.0,sawing,2023-03-02 00:00:00 +0000,2023-03-09 00:00:00 +0000,160.44,mm,40.21,mm,42.29,mm,120.0,mm,,mm,50.0,N/s,17.26743393222317,N/mm²,2154.493410682464,kg/m³
169,22186,EXP_FLEX22193,EXP_FLEX_19_a_spec_57,V.U,3,DEFAULT,FLEX2,29.0,sawing,2023-03-02 00:00:00 +0000,2023-03-09 00:00:00 +0000,160.59,mm,40.17,mm,40.63,mm,120.0,mm,,mm,50.0,N/s,12.925171750567456,N/mm²,2026.4778310768675,kg/m³
170,22187,EXP_FLEX22194,EXP_FLEX_19_a_spec_58,V.U,3,DEFAULT,FLEX2,29.0,sawing,2023-03-02 00:00:00 +0000,2023-03-09 00:00:00 +0000,161.05,mm,41.28,mm,38.29,mm,120.0,mm,,mm,50.0,N/s,16.50650268647029,N/mm²,1990.1206282493756,kg/m³
171,22188,EXP_FLEX22195,EXP_FLEX_19_a_spec_59,V.U,3,DEFAULT,FLEX2,29.0,sawing,2023-03-02 00:00:00 +0000,2023-03-09 00:00:00 +0000,161.27,mm,39.02,mm,38.19,mm,120.0,mm,,mm,50.0,N/s,10.494228704157171,N/mm²,2099.031749307961,kg/m³
172,22189,EXP_FLEX22196,EXP_FLEX_19_a_spec_60,V.U,3,DEFAULT,FLEX2,29.0,sawing,2023-03-02 00:00:00 +0000,2023-03-09 00:00:00 +0000,160.89,mm,42.43,mm,42.81,mm,120.0,mm,,mm,50.0,N/s,9.497457508042139,N/mm²,2047.835530084555,kg/m³
173,22190,EXP_FLEX22197,EXP_FLEX_19_a_spec_61,V.U,3,DEV2,FLEX2,29.0,sawing,2023-03-02 00:00:00 +0000,2023-03-09 00:00:00 +0000,161.69,mm,41.35,mm,42.2,mm,120.0,mm,,mm,50.0,N/s,16.01433308634945,N/mm²,1989.4791436174673,kg/m³
174,22191,EXP_FLEX22198,EXP_FLEX_19_a_spec_62,V.U,3,DEV2,FLEX2,29.0,sawing,2023-03-02 00:00:00 +0000,2023-03-09 00:00:00 +0000,161.35,mm,41.38,mm,39.98,mm,120.0,mm,,mm,50.0,N/s,17.715064429767093,N/mm²,2041.7484053061396,kg/m³
175,22192,EXP_FLEX22199,EXP_FLEX_19_a_spec_63,V.U,3,DEV2,FLEX2,29.0,sawing,2023-03-02 00:00:00 +0000,2023-03-09 00:00:00 +0000,161.55,mm,41.95,mm,39.81,mm,120.0,mm,,mm,50.0,N/s,16.416001773838858,N/mm²,2074.847934012493,kg/m³
176,22193,EXP_FLEX22200,EXP_FLEX_19_a_spec_64,V.U,3,DEV2,FLEX2,29.0,sawing,2023-03-02 00:00:00 +0000,2023-03-09 00:00:00 +0000,161.42,mm,41.16,mm,38.95,mm,120.0,mm,,mm,50.0,N/s,14.020982907598096,N/mm²,2078.631578022124,kg/m³
177,22194,EXP_FLEX22201,EXP_FLEX_19_a_spec_65,V.U,3,DEV2,FLEX2,29.0,sawing,2023-03-02 00:00:00 +0000,2023-03-09 00:00:00 +0000,160.12,mm,40.62,mm,40.91,mm,120.0,mm,,mm,50.0,N/s,14.523167418769805,N/mm²,2142.6127197624523,kg/m³
178,22195,EXP_FLEX22202,EXP_FLEX_19_a_spec_66,V.U,3,DEV2,FLEX2,29.0,sawing,2023-03-02 00:00:00 +0000,2023-03-09 00:00:00 +0000,160.22,mm,40.41,mm,41.33,mm,120.0,mm,,mm,50.0,N/s,15.708038111821416,N/mm²,2202.580448896381,kg/m³
179,22196,EXP_FLEX22203,EXP_FLEX_19_a_spec_67,W.U,3,DEFAULT,FLEX3,29.0,sawing,2023-03-02 00:00:00 +0000,2023-03-09 00:00:00 +0000,161.04,mm,41.98,mm,41.77,mm,120.0,mm,,mm,50.0,N/s,15.221603378839413,N/mm²,2023.1288940764605,kg/m³
180,22197,EXP_FLEX22204,EXP_FLEX_19_a_spec_68,W.U,3,DEFAULT,FLEX3,29.0,sawing,2023-03-02 00:00:00 +0000,2023-03-09 00:00:00 +0000,161.04,mm,41.11,mm,38.04,mm,120.0,mm,,mm,50.0,N/s,15.077662833947542,N/mm²,2181.2807687479353,kg/m³
181,22198,EXP_FLEX22205,EXP_FLEX_19_a_spec_69,W.U,3,DEFAULT,FLEX3,29.0,sawing,2023-03-02 00:00:00 +0000,2023-03-09 00:00:00 +0000,161.18,mm,41.6,mm,42.17,mm,120.0,mm,,mm,50.0,N/s,15.401657072150876,N/mm²,1877.889700830737,kg/m³
182,22199,EXP_FLEX22206,EXP_FLEX_19_a_spec_70,W.U,3,DEFAULT,FLEX3,29.0,sawing,2023-03-02 00:00:00 +0000,2023-03-09 00:00:00 +0000,161.13,mm,41.57,mm,41.81,mm,120.0,mm,,mm,50.0,N/s,16.000209507181083,N/mm²,2046.879667411629,kg/m³
183,22200,EXP_FLEX22207,EXP_FLEX_19_a_spec_71,W.U,3,DEFAULT,FLEX3,29.0,sawing,2023-03-02 00:00:00 +0000,2023-03-09 00:00:00 +0000,161.19,mm,42.42,mm,41.73,mm,120.0,mm,,mm,50.0,N/s,13.462860752044207,N/mm²,2037.6301261172102,kg/m³
184,22201,EXP_FLEX22208,EXP_FLEX_19_a_spec_72,W.U,3,DEFAULT,FLEX3,29.0,sawing,2023-03-02 00:00:00 +0000,2023-03-09 00:00:00 +0000,161.53,mm,42.16,mm,40.18,mm,120.0,mm,,mm,50.0,N/s,10.274109240318566,N/mm²,2184.080606191384,kg/m³
185,22202,EXP_FLEX22209,EXP_FLEX_19_a_spec_73,W.U,3,DEV2,FLEX3,29.0,sawing,2023-03-02 00:00:00 +0000,2023-03-09 00:00:00 +0000,159.75,mm,41.86,mm,38.58,mm,120.0,mm,,mm,50.0,N/s,14.270315754321935,N/mm²,2050.198379979079,kg/m³
186,22203,EXP_FLEX22210,EXP_FLEX_19_a_spec_74,W.U,3,DEV2,FLEX3,29.0,sawing,2023-03-02 00:00:00 +0000,2023-03-09 00:00:00 +0000,161.52,mm,41.02,mm,41.16,mm,120.0,mm,,mm,50.0,N/s,12.449486806773393,N/mm²,2014.0982147331235,kg/m³
187,22204,EXP_FLEX22211,EXP_FLEX_19_a_spec_75,W.U,3,DEV2,FLEX3,29.0,sawing,2023-03-02 00:00:00 +0000,2023-03-09 00:00:00 +0000,161.08,mm,42.23,mm,40.12,mm,120.0,mm,,mm,50.0,N/s,17.82151576867241,N/mm²,2034.643871765635,kg/m³
188,22205,EXP_FLEX22212,EXP_FLEX_19_a_spec_76,W.U,3,DEV2,FLEX3,29.0,sawing,2023-03-02 00:00:00 +0000,2023-03-09 00:00:00 +0000,160.14,mm,40.69,mm,41.25,mm,120.0,mm,,mm,50.0,N/s,15.820660547700918,N/mm²,2032.3377481710588,kg/m³
189,22214,EXP_FLEX22221,EXP_FLEX_19_a_spec_79,U.W,4,DEFAULT,FLEX4,29.0,sawing,2023-03-02 00:00:00 +0000,2023-03-09 00:00:00 +0000,161.56,mm,40.53,mm,41.14,mm,120.0,mm,40.0,mm,75.0,N/s,4.288822576932332,N/mm²,2221.089418633022,kg/m³
190,22215,EXP_FLEX22222,EXP_FLEX_19_a_spec_80,U.W,4,DEFAULT,FLEX4,29.0,sawing,2023-03-02 00:00:00 +0000,2023-03-09 00:00:00 +0000,161.25,mm,40.58,mm,41.09,mm,120.0,mm,40.0,mm,75.0,N/s,4.69886872948716,N/mm²,2239.6038632930467,kg/m³
191,22216,EXP_FLEX22223,EXP_FLEX_19_a_spec_81,U.W,4,DEFAULT,FLEX4,29.0,sawing,2023-03-02 00:00:00 +0000,2023-03-09 00:00:00 +0000,161.58,mm,40.65,mm,40.48,mm,120.0,mm,40.0,mm,75.0,N/s,4.410433317178242,N/mm²,2239.491139086379,kg/m³
192,22217,EXP_FLEX22224,EXP_FLEX_19_a_spec_82,U.W,4,DEFAULT,FLEX4,29.0,sawing,2023-03-02 00:00:00 +0000,2023-03-09 00:00:00 +0000,161.08,mm,40.43,mm,42.6,mm,120.0,mm,40.0,mm,75.0,N/s,5.3623115091422235,N/mm²,2117.2112527475956,kg/m³
193,22218,EXP_FLEX22225,EXP_FLEX_19_a_spec_83,U.W,4,DEFAULT,FLEX4,29.0,sawing,2023-03-02 00:00:00 +0000,2023-03-09 00:00:00 +0000,160.65,mm,41.14,mm,41.73,mm,120.0,mm,40.0,mm,75.0,N/s,4.707846797166848,N/mm²,2145.3994617051635,kg/m³
194,22219,EXP_FLEX22226,EXP_FLEX_19_a_spec_84,U.W,4,DEFAULT,FLEX4,29.0,sawing,2023-03-02 00:00:00 +0000,2023-03-09 00:00:00 +0000,160.63,mm,41.4,mm,40.33,mm,120.0,mm,40.0,mm,75.0,N/s,4.872478985379429,N/mm²,2210.3461862660915,kg/m³
195,22220,EXP_FLEX22227,EXP_FLEX_19_a_spec_91,CAST,4,DEFAULT,cast FLEX4,29.0,cast,2023-02-09 00:00:00 +0000,2023-03-09 00:00:00 +0000,160.95,mm,40.61,mm,40.47,mm,120.0,mm,40.0,mm,75.0,N/s,8.443691174263977,N/mm²,2157.461665285217,kg/m³
196,22221,EXP_FLEX22228,EXP_FLEX_19_a_spec_92,CAST,4,DEFAULT,cast FLEX4,29.0,cast,2023-02-09 00:00:00 +0000,2023-03-09 00:00:00 +0000,160.44,mm,40.76,mm,40.34,mm,120.0,mm,40.0,mm,75.0,N/s,9.703464175052472,N/mm²,2170.695762879856,kg/m³
197,22222,EXP_FLEX22229,EXP_FLEX_19_a_spec_93,CAST,4,DEFAULT,cast FLEX4,29.0,cast,2023-02-09 00:00:00 +0000,2023-03-09 00:00:00 +0000,160.77,mm,40.86,mm,40.27,mm,120.0,mm,40.0,mm,75.0,N/s,8.635251657501655,N/mm²,2151.275100632897,kg/m³
198,22223,EXP_FLEX22230,EXP_FLEX_19_a_spec_94,CAST,4,DEFAULT,cast FLEX4,29.0,cast,2023-02-09 00:00:00 +0000,2023-03-09 00:00:00 +0000,160.64,mm,40.71,mm,40.26,mm,120.0,mm,40.0,mm,75.0,N/s,7.782070976043353,N/mm²,2117.3513618739303,kg/m³
199,22224,EXP_FLEX22231,EXP_FLEX_19_a_spec_95,CAST,4,DEFAULT,cast FLEX4,29.0,cast,2023-02-09 00:00:00 +0000,2023-03-09 00:00:00 +0000,160.66,mm,40.15,mm,40.03,mm,120.0,mm,40.0,mm,75.0,N/s,9.523393239409026,N/mm²,2157.710785870998,kg/m³
200,22225,EXP_FLEX22232,EXP_FLEX_19_a_spec_96,CAST,4,DEFAULT,cast FLEX4,29.0,cast,2023-02-09 00:00:00 +0000,2023-03-09 00:00:00 +0000,160.99,mm,40.45,mm,40.26,mm,120.0,mm,40.0,mm,75.0,N/s,9.762001681895573,N/mm²,2148.1457174642096,kg/m³
