uci_column,uci_unit,open3dcp_column,transform,fidelity,notes
Cement (component 1),kg/m3,cement_type_1,kg_m3_to_mass_pct,lossy,"UCI does not record cement type; defaults to Type I (most common)"
Blast Furnace Slag (component 2),kg/m3,slag,kg_m3_to_mass_pct,exact,"direct column; mass-% exact once the batched mass is known"
Fly Ash (component 3),kg/m3,fly_ash,kg_m3_to_mass_pct,exact,"generic fly_ash column (F/C class optional); mass-% exact once the batched mass is known"
Water (component 4),kg/m3,water,kg_m3_to_mass_pct,exact,"closes the wet-mass total -> mass-% exact"
Superplasticizer (component 5),kg/m3,superplasticizer,as_delivered_to_solids_pct,lossy,"UCI value is as-delivered; solids fraction unknown"
Coarse Aggregate (component 6),kg/m3,agg_size_57,kg_m3_to_mass_pct,lossy,"size not recorded -> default ASTM C33 #57"
Fine Aggregate (component 7),kg/m3,concrete_sand,kg_m3_to_mass_pct,lossy,"fineness modulus not recorded -> default concrete_sand"
Age,day,test_age_days,identity,exact,
Concrete compressive strength,MPa,compressive_strength_mpa,identity,exact,"target variable"
