open3dcp_column,block,target_entity,mapping_class,notes
mix_id,Provenance,object identifiers / tags on MaterialSpec–MaterialRun,normalized,
name,Provenance,object identifiers / tags on MaterialSpec–MaterialRun,normalized,
parent_mix_id,Provenance,object identifiers / tags on MaterialSpec–MaterialRun,normalized,
version,Provenance,object identifiers / tags on MaterialSpec–MaterialRun,normalized,
material_class,Provenance,object identifiers / tags on MaterialSpec–MaterialRun,normalized,
batch_label,Provenance,object identifiers / tags on MaterialSpec–MaterialRun,normalized,
date_of_casting,Provenance,object identifiers / tags on MaterialSpec–MaterialRun,normalized,
created_at,Provenance,object identifiers / tags on MaterialSpec–MaterialRun,normalized,
is_premixed,Provenance,"MaterialSpec identity + tags (supplier, product, lot) on the premix ingredient",normalized,
supplier,Provenance,"MaterialSpec identity + tags (supplier, product, lot) on the premix ingredient",normalized,
product_name,Provenance,"MaterialSpec identity + tags (supplier, product, lot) on the premix ingredient",normalized,
supplier_batch_number,Provenance,"MaterialSpec identity + tags (supplier, product, lot) on the premix ingredient",normalized,
production_date,Provenance,"MaterialSpec identity + tags (supplier, product, lot) on the premix ingredient",normalized,
bulk_density_kg_m3,Provenance,"MaterialSpec identity + tags (supplier, product, lot) on the premix ingredient",normalized,
premix_composition_disclosed,Provenance,"MaterialSpec identity + tags (supplier, product, lot) on the premix ingredient",normalized,
premix_water_addition_pct,Provenance,Parameter on the mixing ProcessSpec,normalized,no controlled 3DCP parameter templates exist; project-defined AttributeTemplates required
cement_type_1,Composition,IngredientSpec/IngredientRun (mass_fraction) -> mixing ProcessSpec -> MaterialSpec/Run,normalized,
cement_type_1_2,Composition,IngredientSpec/IngredientRun (mass_fraction) -> mixing ProcessSpec -> MaterialSpec/Run,normalized,
cement_type_1l,Composition,IngredientSpec/IngredientRun (mass_fraction) -> mixing ProcessSpec -> MaterialSpec/Run,normalized,
cement_type_1s,Composition,IngredientSpec/IngredientRun (mass_fraction) -> mixing ProcessSpec -> MaterialSpec/Run,normalized,
cement_type_1p,Composition,IngredientSpec/IngredientRun (mass_fraction) -> mixing ProcessSpec -> MaterialSpec/Run,normalized,
cement_type_1t,Composition,IngredientSpec/IngredientRun (mass_fraction) -> mixing ProcessSpec -> MaterialSpec/Run,normalized,
cement_type_2,Composition,IngredientSpec/IngredientRun (mass_fraction) -> mixing ProcessSpec -> MaterialSpec/Run,normalized,
cement_type_3,Composition,IngredientSpec/IngredientRun (mass_fraction) -> mixing ProcessSpec -> MaterialSpec/Run,normalized,
cement_type_4,Composition,IngredientSpec/IngredientRun (mass_fraction) -> mixing ProcessSpec -> MaterialSpec/Run,normalized,
cement_type_5,Composition,IngredientSpec/IngredientRun (mass_fraction) -> mixing ProcessSpec -> MaterialSpec/Run,normalized,
cement_c1157,Composition,IngredientSpec/IngredientRun (mass_fraction) -> mixing ProcessSpec -> MaterialSpec/Run,normalized,
cem_i,Composition,IngredientSpec/IngredientRun (mass_fraction) -> mixing ProcessSpec -> MaterialSpec/Run,normalized,
cem_ii_a_s,Composition,IngredientSpec/IngredientRun (mass_fraction) -> mixing ProcessSpec -> MaterialSpec/Run,normalized,
cem_ii_b_s,Composition,IngredientSpec/IngredientRun (mass_fraction) -> mixing ProcessSpec -> MaterialSpec/Run,normalized,
cem_ii_a_v,Composition,IngredientSpec/IngredientRun (mass_fraction) -> mixing ProcessSpec -> MaterialSpec/Run,normalized,
cem_ii_b_v,Composition,IngredientSpec/IngredientRun (mass_fraction) -> mixing ProcessSpec -> MaterialSpec/Run,normalized,
cem_ii_a_l,Composition,IngredientSpec/IngredientRun (mass_fraction) -> mixing ProcessSpec -> MaterialSpec/Run,normalized,
cem_ii_b_l,Composition,IngredientSpec/IngredientRun (mass_fraction) -> mixing ProcessSpec -> MaterialSpec/Run,normalized,
cem_ii_a_ll,Composition,IngredientSpec/IngredientRun (mass_fraction) -> mixing ProcessSpec -> MaterialSpec/Run,normalized,
cem_ii_b_ll,Composition,IngredientSpec/IngredientRun (mass_fraction) -> mixing ProcessSpec -> MaterialSpec/Run,normalized,
cem_ii_a_m,Composition,IngredientSpec/IngredientRun (mass_fraction) -> mixing ProcessSpec -> MaterialSpec/Run,normalized,
cem_ii_b_m,Composition,IngredientSpec/IngredientRun (mass_fraction) -> mixing ProcessSpec -> MaterialSpec/Run,normalized,
cem_ii_c_m,Composition,IngredientSpec/IngredientRun (mass_fraction) -> mixing ProcessSpec -> MaterialSpec/Run,normalized,
cem_iii_a,Composition,IngredientSpec/IngredientRun (mass_fraction) -> mixing ProcessSpec -> MaterialSpec/Run,normalized,
cem_iii_b,Composition,IngredientSpec/IngredientRun (mass_fraction) -> mixing ProcessSpec -> MaterialSpec/Run,normalized,
cem_iii_c,Composition,IngredientSpec/IngredientRun (mass_fraction) -> mixing ProcessSpec -> MaterialSpec/Run,normalized,
cem_iv_a,Composition,IngredientSpec/IngredientRun (mass_fraction) -> mixing ProcessSpec -> MaterialSpec/Run,normalized,
cem_iv_b,Composition,IngredientSpec/IngredientRun (mass_fraction) -> mixing ProcessSpec -> MaterialSpec/Run,normalized,
cem_v_a,Composition,IngredientSpec/IngredientRun (mass_fraction) -> mixing ProcessSpec -> MaterialSpec/Run,normalized,
cem_v_b,Composition,IngredientSpec/IngredientRun (mass_fraction) -> mixing ProcessSpec -> MaterialSpec/Run,normalized,
cem_vi,Composition,IngredientSpec/IngredientRun (mass_fraction) -> mixing ProcessSpec -> MaterialSpec/Run,normalized,
cac,Composition,IngredientSpec/IngredientRun (mass_fraction) -> mixing ProcessSpec -> MaterialSpec/Run,normalized,
csa_cement,Composition,IngredientSpec/IngredientRun (mass_fraction) -> mixing ProcessSpec -> MaterialSpec/Run,normalized,
calcium_sulfate,Composition,IngredientSpec/IngredientRun (mass_fraction) -> mixing ProcessSpec -> MaterialSpec/Run,normalized,
natural_hydraulic_lime,Composition,IngredientSpec/IngredientRun (mass_fraction) -> mixing ProcessSpec -> MaterialSpec/Run,normalized,
hydrated_lime,Composition,IngredientSpec/IngredientRun (mass_fraction) -> mixing ProcessSpec -> MaterialSpec/Run,normalized,
cement_unspecified,Composition,IngredientSpec/IngredientRun (mass_fraction) -> mixing ProcessSpec -> MaterialSpec/Run,normalized,
cement_other,Composition,IngredientSpec/IngredientRun (mass_fraction) -> mixing ProcessSpec -> MaterialSpec/Run,normalized,
cement_designation,Composition,MaterialSpec name / tags,normalized,
cement_standard,Composition,tags,normalized,
cement_strength_class_mpa,Composition,Property (with bounds) on the cement MaterialSpec,normalized,
cement_early_strength_class,Composition,Property on the cement MaterialSpec,normalized,
fly_ash,Composition,IngredientSpec/IngredientRun (mass_fraction) -> mixing ProcessSpec -> MaterialSpec/Run,normalized,
fly_ash_type_f,Composition,IngredientSpec/IngredientRun (mass_fraction) -> mixing ProcessSpec -> MaterialSpec/Run,normalized,
fly_ash_type_c,Composition,IngredientSpec/IngredientRun (mass_fraction) -> mixing ProcessSpec -> MaterialSpec/Run,normalized,
silica_fume,Composition,IngredientSpec/IngredientRun (mass_fraction) -> mixing ProcessSpec -> MaterialSpec/Run,normalized,
nano_silica,Composition,IngredientSpec/IngredientRun (mass_fraction) -> mixing ProcessSpec -> MaterialSpec/Run,normalized,
slag,Composition,IngredientSpec/IngredientRun (mass_fraction) -> mixing ProcessSpec -> MaterialSpec/Run,normalized,
metakaolin,Composition,IngredientSpec/IngredientRun (mass_fraction) -> mixing ProcessSpec -> MaterialSpec/Run,normalized,
limestone,Composition,IngredientSpec/IngredientRun (mass_fraction) -> mixing ProcessSpec -> MaterialSpec/Run,normalized,
pumice,Composition,IngredientSpec/IngredientRun (mass_fraction) -> mixing ProcessSpec -> MaterialSpec/Run,normalized,
bottom_ash,Composition,IngredientSpec/IngredientRun (mass_fraction) -> mixing ProcessSpec -> MaterialSpec/Run,normalized,
rice_husk_ash,Composition,IngredientSpec/IngredientRun (mass_fraction) -> mixing ProcessSpec -> MaterialSpec/Run,normalized,
sodium_hydroxide,Composition,IngredientSpec/IngredientRun (mass_fraction) -> mixing ProcessSpec -> MaterialSpec/Run,normalized,
sodium_silicate,Composition,IngredientSpec/IngredientRun (mass_fraction) -> mixing ProcessSpec -> MaterialSpec/Run,normalized,
potassium_hydroxide,Composition,IngredientSpec/IngredientRun (mass_fraction) -> mixing ProcessSpec -> MaterialSpec/Run,normalized,
potassium_silicate,Composition,IngredientSpec/IngredientRun (mass_fraction) -> mixing ProcessSpec -> MaterialSpec/Run,normalized,
activator_ms_ratio,Composition,IngredientSpec/IngredientRun (mass_fraction) -> mixing ProcessSpec -> MaterialSpec/Run,normalized,
na2o_dosage_pct,Composition,IngredientSpec/IngredientRun (mass_fraction) -> mixing ProcessSpec -> MaterialSpec/Run,normalized,
nano_clay,Composition,IngredientSpec/IngredientRun (mass_fraction) -> mixing ProcessSpec -> MaterialSpec/Run,normalized,
mineral_powder,Composition,IngredientSpec/IngredientRun (mass_fraction) -> mixing ProcessSpec -> MaterialSpec/Run,normalized,
mwcnt,Composition,IngredientSpec/IngredientRun (mass_fraction) -> mixing ProcessSpec -> MaterialSpec/Run,normalized,
graphene_oxide,Composition,IngredientSpec/IngredientRun (mass_fraction) -> mixing ProcessSpec -> MaterialSpec/Run,normalized,
recycled_sand,Composition,IngredientSpec/IngredientRun (mass_fraction) -> mixing ProcessSpec -> MaterialSpec/Run,normalized,
iron_oxide_pigment,Composition,IngredientSpec/IngredientRun (mass_fraction) -> mixing ProcessSpec -> MaterialSpec/Run,normalized,
titanium_dioxide_pigment,Composition,IngredientSpec/IngredientRun (mass_fraction) -> mixing ProcessSpec -> MaterialSpec/Run,normalized,
chromium_oxide_pigment,Composition,IngredientSpec/IngredientRun (mass_fraction) -> mixing ProcessSpec -> MaterialSpec/Run,normalized,
carbon_black_pigment,Composition,IngredientSpec/IngredientRun (mass_fraction) -> mixing ProcessSpec -> MaterialSpec/Run,normalized,
pigment_other,Composition,IngredientSpec/IngredientRun (mass_fraction) -> mixing ProcessSpec -> MaterialSpec/Run,normalized,
mason_sand,Composition,IngredientSpec/IngredientRun (mass_fraction) -> mixing ProcessSpec -> MaterialSpec/Run,normalized,
fine_sand,Composition,IngredientSpec/IngredientRun (mass_fraction) -> mixing ProcessSpec -> MaterialSpec/Run,normalized,
concrete_sand,Composition,IngredientSpec/IngredientRun (mass_fraction) -> mixing ProcessSpec -> MaterialSpec/Run,normalized,
coarse_sand,Composition,IngredientSpec/IngredientRun (mass_fraction) -> mixing ProcessSpec -> MaterialSpec/Run,normalized,
fine_agg_fineness_modulus,Composition,Property on the aggregate MaterialSpec,normalized,
fine_agg_unspecified,Composition,IngredientSpec/IngredientRun (mass_fraction) -> mixing ProcessSpec -> MaterialSpec/Run,normalized,
agg_size_89,Composition,IngredientSpec/IngredientRun (mass_fraction) -> mixing ProcessSpec -> MaterialSpec/Run,normalized,
agg_size_8,Composition,IngredientSpec/IngredientRun (mass_fraction) -> mixing ProcessSpec -> MaterialSpec/Run,normalized,
agg_size_7,Composition,IngredientSpec/IngredientRun (mass_fraction) -> mixing ProcessSpec -> MaterialSpec/Run,normalized,
agg_size_67,Composition,IngredientSpec/IngredientRun (mass_fraction) -> mixing ProcessSpec -> MaterialSpec/Run,normalized,
agg_size_6,Composition,IngredientSpec/IngredientRun (mass_fraction) -> mixing ProcessSpec -> MaterialSpec/Run,normalized,
agg_size_57,Composition,IngredientSpec/IngredientRun (mass_fraction) -> mixing ProcessSpec -> MaterialSpec/Run,normalized,
agg_size_5,Composition,IngredientSpec/IngredientRun (mass_fraction) -> mixing ProcessSpec -> MaterialSpec/Run,normalized,
agg_size_467,Composition,IngredientSpec/IngredientRun (mass_fraction) -> mixing ProcessSpec -> MaterialSpec/Run,normalized,
agg_size_4,Composition,IngredientSpec/IngredientRun (mass_fraction) -> mixing ProcessSpec -> MaterialSpec/Run,normalized,
agg_size_357,Composition,IngredientSpec/IngredientRun (mass_fraction) -> mixing ProcessSpec -> MaterialSpec/Run,normalized,
agg_size_3,Composition,IngredientSpec/IngredientRun (mass_fraction) -> mixing ProcessSpec -> MaterialSpec/Run,normalized,
agg_size_2,Composition,IngredientSpec/IngredientRun (mass_fraction) -> mixing ProcessSpec -> MaterialSpec/Run,normalized,
agg_size_1,Composition,IngredientSpec/IngredientRun (mass_fraction) -> mixing ProcessSpec -> MaterialSpec/Run,normalized,
coarse_agg_unspecified,Composition,IngredientSpec/IngredientRun (mass_fraction) -> mixing ProcessSpec -> MaterialSpec/Run,normalized,
agg_fraction_d_lower_mm,Composition,Property (with bounds) on the aggregate MaterialSpec,normalized,
agg_fraction_d_upper_mm,Composition,Property (with bounds) on the aggregate MaterialSpec,normalized,
agg_grading_designation,Composition,MaterialSpec name / tags,normalized,
steel_fiber,Composition,IngredientSpec/IngredientRun (mass_fraction) -> mixing ProcessSpec -> MaterialSpec/Run,normalized,
pp_fiber,Composition,IngredientSpec/IngredientRun (mass_fraction) -> mixing ProcessSpec -> MaterialSpec/Run,normalized,
glass_fiber,Composition,IngredientSpec/IngredientRun (mass_fraction) -> mixing ProcessSpec -> MaterialSpec/Run,normalized,
carbon_fiber,Composition,IngredientSpec/IngredientRun (mass_fraction) -> mixing ProcessSpec -> MaterialSpec/Run,normalized,
pva_fiber,Composition,IngredientSpec/IngredientRun (mass_fraction) -> mixing ProcessSpec -> MaterialSpec/Run,normalized,
basalt_fiber,Composition,IngredientSpec/IngredientRun (mass_fraction) -> mixing ProcessSpec -> MaterialSpec/Run,normalized,
nylon_fiber,Composition,IngredientSpec/IngredientRun (mass_fraction) -> mixing ProcessSpec -> MaterialSpec/Run,normalized,
aramid_fiber,Composition,IngredientSpec/IngredientRun (mass_fraction) -> mixing ProcessSpec -> MaterialSpec/Run,normalized,
cellulose_fiber,Composition,IngredientSpec/IngredientRun (mass_fraction) -> mixing ProcessSpec -> MaterialSpec/Run,normalized,
fiber_length_mm,Composition,Property on the ingredient MaterialSpec,normalized,via project-defined PropertyTemplates; GEMD format v0.1 ships no domain property vocabulary
fiber_diameter_mm,Composition,Property on the ingredient MaterialSpec,normalized,via project-defined PropertyTemplates; GEMD format v0.1 ships no domain property vocabulary
fiber_aspect_ratio,Composition,Property on the ingredient MaterialSpec,normalized,via project-defined PropertyTemplates; GEMD format v0.1 ships no domain property vocabulary
fiber_tensile_strength_mpa,Composition,Property on the ingredient MaterialSpec,normalized,via project-defined PropertyTemplates; GEMD format v0.1 ships no domain property vocabulary
superplasticizer,Composition,IngredientSpec/IngredientRun (mass_fraction) -> mixing ProcessSpec -> MaterialSpec/Run,normalized,
water_reducer,Composition,IngredientSpec/IngredientRun (mass_fraction) -> mixing ProcessSpec -> MaterialSpec/Run,normalized,
accelerator,Composition,IngredientSpec/IngredientRun (mass_fraction) -> mixing ProcessSpec -> MaterialSpec/Run,normalized,
calcium_formate,Composition,IngredientSpec/IngredientRun (mass_fraction) -> mixing ProcessSpec -> MaterialSpec/Run,normalized,
retarder,Composition,IngredientSpec/IngredientRun (mass_fraction) -> mixing ProcessSpec -> MaterialSpec/Run,normalized,
air_entrainer,Composition,IngredientSpec/IngredientRun (mass_fraction) -> mixing ProcessSpec -> MaterialSpec/Run,normalized,
vma,Composition,IngredientSpec/IngredientRun (mass_fraction) -> mixing ProcessSpec -> MaterialSpec/Run,normalized,
shrinkage_reducer,Composition,IngredientSpec/IngredientRun (mass_fraction) -> mixing ProcessSpec -> MaterialSpec/Run,normalized,
corrosion_inhibitor,Composition,IngredientSpec/IngredientRun (mass_fraction) -> mixing ProcessSpec -> MaterialSpec/Run,normalized,
hpmc,Composition,IngredientSpec/IngredientRun (mass_fraction) -> mixing ProcessSpec -> MaterialSpec/Run,normalized,
sepiolite_clay,Composition,IngredientSpec/IngredientRun (mass_fraction) -> mixing ProcessSpec -> MaterialSpec/Run,normalized,
attapulgite,Composition,IngredientSpec/IngredientRun (mass_fraction) -> mixing ProcessSpec -> MaterialSpec/Run,normalized,
calcium_bentonite,Composition,IngredientSpec/IngredientRun (mass_fraction) -> mixing ProcessSpec -> MaterialSpec/Run,normalized,
water,Composition,IngredientSpec/IngredientRun (mass_fraction) -> mixing ProcessSpec -> MaterialSpec/Run,normalized,
w_c_ratio,Composition,derived Property on MaterialSpec,derived,
w_b_ratio,Composition,derived Property on MaterialSpec,derived,
a_b_ratio,Composition,derived Property on MaterialSpec,derived,
water_premix_pct,Composition,Parameter on the mixing ProcessSpec–ProcessRun,normalized,no controlled 3DCP parameter templates exist; project-defined AttributeTemplates required
water_temperature_c,Composition,Condition on the mixing ProcessRun,normalized,no controlled 3DCP parameter templates exist; project-defined AttributeTemplates required
aggregate_moisture_state,Composition,Condition on the mixing ProcessRun,normalized,via project-defined PropertyTemplates; GEMD format v0.1 ships no domain property vocabulary
aggregate_absorption_pct,Composition,Property on the aggregate MaterialSpec,normalized,"intrinsic aggregate property, not a process condition"
aggregate_moisture_content_pct,Composition,Condition on the mixing ProcessRun,normalized,via project-defined PropertyTemplates; GEMD format v0.1 ships no domain property vocabulary
original_basis,Composition,quantity basis on IngredientRun + tags,normalized,"GEMD quantities carry an explicit basis (mass/volume/number fraction, absolute)"
admixture_basis,Composition,quantity basis on IngredientRun + tags,normalized,"GEMD quantities carry an explicit basis (mass/volume/number fraction, absolute)"
total_batched_mass_kg_m3,Composition,quantity basis on IngredientRun + tags,normalized,"GEMD quantities carry an explicit basis (mass/volume/number fraction, absolute)"
total_binder_kg_m3,Composition,quantity basis on IngredientRun + tags,normalized,"GEMD quantities carry an explicit basis (mass/volume/number fraction, absolute)"
test_age_days,Conditions,Condition/Parameter on MeasurementSpec–MeasurementRun,normalized,via project-defined PropertyTemplates; GEMD format v0.1 ships no domain property vocabulary
specimen_prep,Conditions,Condition/Parameter on MeasurementSpec–MeasurementRun,normalized,via project-defined PropertyTemplates; GEMD format v0.1 ships no domain property vocabulary
specimen_geometry,Conditions,Condition/Parameter on MeasurementSpec–MeasurementRun,normalized,via project-defined PropertyTemplates; GEMD format v0.1 ships no domain property vocabulary
specimen_length_mm,Conditions,Condition/Parameter on MeasurementSpec–MeasurementRun,normalized,via project-defined PropertyTemplates; GEMD format v0.1 ships no domain property vocabulary
specimen_width_mm,Conditions,Condition/Parameter on MeasurementSpec–MeasurementRun,normalized,via project-defined PropertyTemplates; GEMD format v0.1 ships no domain property vocabulary
specimen_height_mm,Conditions,Condition/Parameter on MeasurementSpec–MeasurementRun,normalized,via project-defined PropertyTemplates; GEMD format v0.1 ships no domain property vocabulary
test_orientation,Conditions,Condition/Parameter on MeasurementSpec–MeasurementRun,normalized,via project-defined PropertyTemplates; GEMD format v0.1 ships no domain property vocabulary
test_orientation_code,Conditions,Condition/Parameter on MeasurementSpec–MeasurementRun,normalized,via project-defined PropertyTemplates; GEMD format v0.1 ships no domain property vocabulary
test_method_code,Conditions,Condition/Parameter on MeasurementSpec–MeasurementRun,normalized,via project-defined PropertyTemplates; GEMD format v0.1 ships no domain property vocabulary
n_specimens,Conditions,Condition/Parameter on MeasurementSpec–MeasurementRun,normalized,via project-defined PropertyTemplates; GEMD format v0.1 ships no domain property vocabulary
curing_regime,Conditions,Condition/Parameter on MeasurementSpec–MeasurementRun,normalized,via project-defined PropertyTemplates; GEMD format v0.1 ships no domain property vocabulary
curing_regime_code,Conditions,Condition/Parameter on MeasurementSpec–MeasurementRun,normalized,via project-defined PropertyTemplates; GEMD format v0.1 ships no domain property vocabulary
curing_temperature_c,Conditions,Condition/Parameter on MeasurementSpec–MeasurementRun,normalized,via project-defined PropertyTemplates; GEMD format v0.1 ships no domain property vocabulary
curing_humidity_pct,Conditions,Condition/Parameter on MeasurementSpec–MeasurementRun,normalized,via project-defined PropertyTemplates; GEMD format v0.1 ships no domain property vocabulary
curing_duration_days,Conditions,Condition/Parameter on MeasurementSpec–MeasurementRun,normalized,via project-defined PropertyTemplates; GEMD format v0.1 ships no domain property vocabulary
is_3d_printed,Processing,Parameter on the printing ProcessSpec–ProcessRun,normalized,no controlled 3DCP parameter templates exist; project-defined AttributeTemplates required
print_speed_mm_s,Processing,Parameter on the printing ProcessSpec–ProcessRun,normalized,no controlled 3DCP parameter templates exist; project-defined AttributeTemplates required
layer_height_mm,Processing,Parameter on the printing ProcessSpec–ProcessRun,normalized,no controlled 3DCP parameter templates exist; project-defined AttributeTemplates required
layer_time_gap_s,Processing,Parameter on the printing ProcessSpec–ProcessRun,normalized,no controlled 3DCP parameter templates exist; project-defined AttributeTemplates required
nozzle_diameter_mm,Processing,Parameter on the printing ProcessSpec–ProcessRun,normalized,no controlled 3DCP parameter templates exist; project-defined AttributeTemplates required
nozzle_shape,Processing,Parameter on the printing ProcessSpec–ProcessRun,normalized,no controlled 3DCP parameter templates exist; project-defined AttributeTemplates required
nozzle_area_mm2,Processing,Parameter on the printing ProcessSpec–ProcessRun,normalized,no controlled 3DCP parameter templates exist; project-defined AttributeTemplates required
filament_width_mm,Processing,Parameter on the printing ProcessSpec–ProcessRun,normalized,no controlled 3DCP parameter templates exist; project-defined AttributeTemplates required
layer_width_mm,Processing,Parameter on the printing ProcessSpec–ProcessRun,normalized,no controlled 3DCP parameter templates exist; project-defined AttributeTemplates required
extrusion_rate_l_min,Processing,Parameter on the printing ProcessSpec–ProcessRun,normalized,no controlled 3DCP parameter templates exist; project-defined AttributeTemplates required
num_layers,Processing,Parameter on the printing ProcessSpec–ProcessRun,normalized,no controlled 3DCP parameter templates exist; project-defined AttributeTemplates required
path_length_mm,Processing,Parameter on the printing ProcessSpec–ProcessRun,normalized,no controlled 3DCP parameter templates exist; project-defined AttributeTemplates required
infill_pattern,Processing,Parameter on the printing ProcessSpec–ProcessRun,normalized,no controlled 3DCP parameter templates exist; project-defined AttributeTemplates required
contour_count,Processing,Parameter on the printing ProcessSpec–ProcessRun,normalized,no controlled 3DCP parameter templates exist; project-defined AttributeTemplates required
print_direction,Processing,Parameter on the printing ProcessSpec–ProcessRun,normalized,no controlled 3DCP parameter templates exist; project-defined AttributeTemplates required
pump_type,Processing,Parameter on the printing ProcessSpec–ProcessRun,normalized,no controlled 3DCP parameter templates exist; project-defined AttributeTemplates required
pump_pressure_bar,Processing,Parameter on the printing ProcessSpec–ProcessRun,normalized,no controlled 3DCP parameter templates exist; project-defined AttributeTemplates required
pump_rotational_speed_rpm,Processing,Parameter on the printing ProcessSpec–ProcessRun,normalized,no controlled 3DCP parameter templates exist; project-defined AttributeTemplates required
pump_distance_m,Processing,Parameter on the printing ProcessSpec–ProcessRun,normalized,no controlled 3DCP parameter templates exist; project-defined AttributeTemplates required
pipe_diameter_mm,Processing,Parameter on the printing ProcessSpec–ProcessRun,normalized,no controlled 3DCP parameter templates exist; project-defined AttributeTemplates required
pumping_duration_s,Processing,Parameter on the printing ProcessSpec–ProcessRun,normalized,no controlled 3DCP parameter templates exist; project-defined AttributeTemplates required
mixing_time_s,Processing,Parameter on the mixing ProcessSpec–ProcessRun,normalized,no controlled 3DCP parameter templates exist; project-defined AttributeTemplates required
mixing_speed_rpm,Processing,Parameter on the mixing ProcessSpec–ProcessRun,normalized,no controlled 3DCP parameter templates exist; project-defined AttributeTemplates required
mixer_type,Processing,Parameter on the mixing ProcessSpec–ProcessRun,normalized,no controlled 3DCP parameter templates exist; project-defined AttributeTemplates required
shear_rate_per_s,Processing,Parameter on the mixing ProcessSpec–ProcessRun,normalized,no controlled 3DCP parameter templates exist; project-defined AttributeTemplates required
admixture_addition_point,Processing,Parameter on the mixing ProcessSpec–ProcessRun,normalized,no controlled 3DCP parameter templates exist; project-defined AttributeTemplates required
aggregate_prewetted,Processing,Parameter on the mixing ProcessSpec–ProcessRun,normalized,no controlled 3DCP parameter templates exist; project-defined AttributeTemplates required
mix_temperature_c,Conditions,Condition on ProcessRun / MeasurementRun,normalized,via project-defined PropertyTemplates; GEMD format v0.1 ships no domain property vocabulary
ambient_temperature_c,Conditions,Condition on ProcessRun / MeasurementRun,normalized,via project-defined PropertyTemplates; GEMD format v0.1 ships no domain property vocabulary
ambient_humidity_pct,Conditions,Condition on ProcessRun / MeasurementRun,normalized,via project-defined PropertyTemplates; GEMD format v0.1 ships no domain property vocabulary
wind_speed_m_s,Conditions,Condition on ProcessRun / MeasurementRun,normalized,via project-defined PropertyTemplates; GEMD format v0.1 ships no domain property vocabulary
slump_mm,Properties,Property on MeasurementRun,normalized,via project-defined PropertyTemplates; GEMD format v0.1 ships no domain property vocabulary
spread_mm,Properties,Property on MeasurementRun,normalized,via project-defined PropertyTemplates; GEMD format v0.1 ships no domain property vocabulary
yield_stress_pa,Properties,Property on MeasurementRun,normalized,via project-defined PropertyTemplates; GEMD format v0.1 ships no domain property vocabulary
plastic_viscosity_pa_s,Properties,Property on MeasurementRun,normalized,via project-defined PropertyTemplates; GEMD format v0.1 ships no domain property vocabulary
static_yield_stress_pa,Properties,Property on MeasurementRun,normalized,via project-defined PropertyTemplates; GEMD format v0.1 ships no domain property vocabulary
dynamic_yield_stress_pa,Properties,Property on MeasurementRun,normalized,via project-defined PropertyTemplates; GEMD format v0.1 ships no domain property vocabulary
thixotropy_pa_per_s,Properties,Property on MeasurementRun,normalized,via project-defined PropertyTemplates; GEMD format v0.1 ships no domain property vocabulary
structuration_rate_pa_per_s,Properties,Property on MeasurementRun,normalized,via project-defined PropertyTemplates; GEMD format v0.1 ships no domain property vocabulary
open_time_min,Properties,Property on MeasurementRun,normalized,via project-defined PropertyTemplates; GEMD format v0.1 ships no domain property vocabulary
green_strength_kpa,Properties,Property on MeasurementRun,normalized,via project-defined PropertyTemplates; GEMD format v0.1 ships no domain property vocabulary
air_content_fresh_pct,Properties,Property on MeasurementRun,normalized,via project-defined PropertyTemplates; GEMD format v0.1 ships no domain property vocabulary
unit_weight_fresh_kg_m3,Properties,Property on MeasurementRun,normalized,via project-defined PropertyTemplates; GEMD format v0.1 ships no domain property vocabulary
setting_time_initial_min,Properties,Property on MeasurementRun,normalized,via project-defined PropertyTemplates; GEMD format v0.1 ships no domain property vocabulary
setting_time_final_min,Properties,Property on MeasurementRun,normalized,via project-defined PropertyTemplates; GEMD format v0.1 ships no domain property vocabulary
bleeding_pct,Properties,Property on MeasurementRun,normalized,via project-defined PropertyTemplates; GEMD format v0.1 ships no domain property vocabulary
temperature_fresh_c,Properties,Property on MeasurementRun,normalized,via project-defined PropertyTemplates; GEMD format v0.1 ships no domain property vocabulary
j_ring_mm,Properties,Property on MeasurementRun,normalized,via project-defined PropertyTemplates; GEMD format v0.1 ships no domain property vocabulary
v_funnel_s,Properties,Property on MeasurementRun,normalized,via project-defined PropertyTemplates; GEMD format v0.1 ships no domain property vocabulary
l_box_ratio,Properties,Property on MeasurementRun,normalized,via project-defined PropertyTemplates; GEMD format v0.1 ships no domain property vocabulary
segregation_resistance_pct,Properties,Property on MeasurementRun,normalized,via project-defined PropertyTemplates; GEMD format v0.1 ships no domain property vocabulary
design_strength_mpa,Properties,Property (with bounds) on MaterialSpec / tag,partial,"a specification target, not a measured property — Spec side, not Run"
compressive_strength_mpa,Properties,Property on MeasurementRun,normalized,via project-defined PropertyTemplates; GEMD format v0.1 ships no domain property vocabulary
tensile_strength_mpa,Properties,Property on MeasurementRun,normalized,via project-defined PropertyTemplates; GEMD format v0.1 ships no domain property vocabulary
splitting_tensile_mpa,Properties,Property on MeasurementRun,normalized,via project-defined PropertyTemplates; GEMD format v0.1 ships no domain property vocabulary
flexural_strength_mpa,Properties,Property on MeasurementRun,normalized,via project-defined PropertyTemplates; GEMD format v0.1 ships no domain property vocabulary
elastic_modulus_gpa,Properties,Property on MeasurementRun,normalized,via project-defined PropertyTemplates; GEMD format v0.1 ships no domain property vocabulary
bond_strength_mpa,Properties,Property on MeasurementRun,normalized,via project-defined PropertyTemplates; GEMD format v0.1 ships no domain property vocabulary
fracture_energy_n_m,Properties,Property on MeasurementRun,normalized,via project-defined PropertyTemplates; GEMD format v0.1 ships no domain property vocabulary
toughness_index,Properties,Property on MeasurementRun,normalized,via project-defined PropertyTemplates; GEMD format v0.1 ships no domain property vocabulary
impact_resistance_j,Properties,Property on MeasurementRun,normalized,via project-defined PropertyTemplates; GEMD format v0.1 ships no domain property vocabulary
fatigue_life_cycles,Properties,Property on MeasurementRun,normalized,via project-defined PropertyTemplates; GEMD format v0.1 ships no domain property vocabulary
density_hardened_kg_m3,Properties,Property on MeasurementRun,normalized,via project-defined PropertyTemplates; GEMD format v0.1 ships no domain property vocabulary
poissons_ratio,Properties,Property on MeasurementRun,normalized,via project-defined PropertyTemplates; GEMD format v0.1 ships no domain property vocabulary
interlayer_bond_mpa,Properties,Property on MeasurementRun,normalized,via project-defined PropertyTemplates; GEMD format v0.1 ships no domain property vocabulary
interlayer_shear_mpa,Properties,Property on MeasurementRun,normalized,via project-defined PropertyTemplates; GEMD format v0.1 ships no domain property vocabulary
air_content_deposited_pct,Properties,Property on MeasurementRun,normalized,via project-defined PropertyTemplates; GEMD format v0.1 ships no domain property vocabulary
void_area_fraction_pct,Properties,Property on MeasurementRun,normalized,via project-defined PropertyTemplates; GEMD format v0.1 ships no domain property vocabulary
surface_roughness_avg,Properties,Property on MeasurementRun,normalized,via project-defined PropertyTemplates; GEMD format v0.1 ships no domain property vocabulary
surface_moisture_state,Properties,Property on MeasurementRun,normalized,via project-defined PropertyTemplates; GEMD format v0.1 ships no domain property vocabulary
surface_treatment,Properties,Property on MeasurementRun,normalized,via project-defined PropertyTemplates; GEMD format v0.1 ships no domain property vocabulary
chloride_rcpt_coulombs,Properties,Property on MeasurementRun,normalized,via project-defined PropertyTemplates; GEMD format v0.1 ships no domain property vocabulary
chloride_migration_coeff,Properties,Property on MeasurementRun,normalized,via project-defined PropertyTemplates; GEMD format v0.1 ships no domain property vocabulary
chloride_diffusion_coeff,Properties,Property on MeasurementRun,normalized,via project-defined PropertyTemplates; GEMD format v0.1 ships no domain property vocabulary
carbonation_depth_1yr_mm,Properties,Property on MeasurementRun,normalized,via project-defined PropertyTemplates; GEMD format v0.1 ships no domain property vocabulary
carbonation_rate_coeff,Properties,Property on MeasurementRun,normalized,via project-defined PropertyTemplates; GEMD format v0.1 ships no domain property vocabulary
drying_shrinkage_28d_ue,Properties,Property on MeasurementRun,normalized,via project-defined PropertyTemplates; GEMD format v0.1 ships no domain property vocabulary
autogenous_shrinkage_ue,Properties,Property on MeasurementRun,normalized,via project-defined PropertyTemplates; GEMD format v0.1 ships no domain property vocabulary
creep_coefficient,Properties,Property on MeasurementRun,normalized,via project-defined PropertyTemplates; GEMD format v0.1 ships no domain property vocabulary
freeze_thaw_cycles,Properties,Property on MeasurementRun,normalized,via project-defined PropertyTemplates; GEMD format v0.1 ships no domain property vocabulary
freeze_thaw_durability_factor,Properties,Property on MeasurementRun,normalized,via project-defined PropertyTemplates; GEMD format v0.1 ships no domain property vocabulary
freeze_thaw_mass_loss_pct,Properties,Property on MeasurementRun,normalized,via project-defined PropertyTemplates; GEMD format v0.1 ships no domain property vocabulary
sulfate_expansion_6mo_pct,Properties,Property on MeasurementRun,normalized,via project-defined PropertyTemplates; GEMD format v0.1 ships no domain property vocabulary
sulfate_expansion_12mo_pct,Properties,Property on MeasurementRun,normalized,via project-defined PropertyTemplates; GEMD format v0.1 ships no domain property vocabulary
asr_expansion_14d_pct,Properties,Property on MeasurementRun,normalized,via project-defined PropertyTemplates; GEMD format v0.1 ships no domain property vocabulary
asr_expansion_1yr_pct,Properties,Property on MeasurementRun,normalized,via project-defined PropertyTemplates; GEMD format v0.1 ships no domain property vocabulary
abrasion_depth_mm,Properties,Property on MeasurementRun,normalized,via project-defined PropertyTemplates; GEMD format v0.1 ships no domain property vocabulary
water_penetration_depth_mm,Properties,Property on MeasurementRun,normalized,via project-defined PropertyTemplates; GEMD format v0.1 ships no domain property vocabulary
electrical_resistivity_kohm_cm,Properties,Property on MeasurementRun,normalized,via project-defined PropertyTemplates; GEMD format v0.1 ships no domain property vocabulary
porosity_pct,Properties,Property on MeasurementRun,normalized,via project-defined PropertyTemplates; GEMD format v0.1 ships no domain property vocabulary
water_absorption_pct,Properties,Property on MeasurementRun,normalized,via project-defined PropertyTemplates; GEMD format v0.1 ships no domain property vocabulary
sorptivity_mm_sqrt_s,Properties,Property on MeasurementRun,normalized,via project-defined PropertyTemplates; GEMD format v0.1 ships no domain property vocabulary
sorptivity_secondary_mm_sqrt_s,Properties,Property on MeasurementRun,normalized,via project-defined PropertyTemplates; GEMD format v0.1 ships no domain property vocabulary
oxygen_permeability_m2,Properties,Property on MeasurementRun,normalized,via project-defined PropertyTemplates; GEMD format v0.1 ships no domain property vocabulary
scaling_resistance_kg_m2,Properties,Property on MeasurementRun,normalized,via project-defined PropertyTemplates; GEMD format v0.1 ships no domain property vocabulary
corrosion_rate_ua_cm2,Properties,Property on MeasurementRun,normalized,via project-defined PropertyTemplates; GEMD format v0.1 ships no domain property vocabulary
half_cell_potential_mv,Properties,Property on MeasurementRun,normalized,via project-defined PropertyTemplates; GEMD format v0.1 ships no domain property vocabulary
heat_of_hydration_kj_kg,Properties,Property on MeasurementRun,normalized,via project-defined PropertyTemplates; GEMD format v0.1 ships no domain property vocabulary
thermal_conductivity_w_mk,Properties,Property on MeasurementRun,normalized,via project-defined PropertyTemplates; GEMD format v0.1 ships no domain property vocabulary
specific_heat_j_kg_k,Properties,Property on MeasurementRun,normalized,via project-defined PropertyTemplates; GEMD format v0.1 ships no domain property vocabulary
coeff_thermal_expansion_ue_c,Properties,Property on MeasurementRun,normalized,via project-defined PropertyTemplates; GEMD format v0.1 ships no domain property vocabulary
fire_resistance_min,Properties,Property on MeasurementRun,normalized,via project-defined PropertyTemplates; GEMD format v0.1 ships no domain property vocabulary
embodied_carbon_kg_co2_m3,Properties,Property on MeasurementRun,normalized,via project-defined PropertyTemplates; GEMD format v0.1 ships no domain property vocabulary
embodied_energy_mj_m3,Properties,Property on MeasurementRun,normalized,via project-defined PropertyTemplates; GEMD format v0.1 ships no domain property vocabulary
degree_of_hydration,Properties,Property on MeasurementRun,normalized,via project-defined PropertyTemplates; GEMD format v0.1 ships no domain property vocabulary
calcium_hydroxide_pct,Properties,Property on MeasurementRun,normalized,via project-defined PropertyTemplates; GEMD format v0.1 ships no domain property vocabulary
pore_size_distribution_nm,Properties,Property on MeasurementRun,normalized,via project-defined PropertyTemplates; GEMD format v0.1 ships no domain property vocabulary
compressive_strength_stddev_mpa,Properties,uncertainty on the value object (e.g. NormalReal),normalized,GEMD values carry native uncertainty
flexural_strength_stddev_mpa,Properties,uncertainty on the value object (e.g. NormalReal),normalized,GEMD values carry native uncertainty
tensile_strength_stddev_mpa,Properties,uncertainty on the value object (e.g. NormalReal),normalized,GEMD values carry native uncertainty
elastic_modulus_stddev_gpa,Properties,uncertainty on the value object (e.g. NormalReal),normalized,GEMD values carry native uncertainty
interlayer_bond_stddev_mpa,Properties,uncertainty on the value object (e.g. NormalReal),normalized,GEMD values carry native uncertainty
raw_data_doi,Properties,FileLink,normalized,
stress_strain_file,Properties,FileLink,normalized,
rheology_curve_file,Properties,FileLink,normalized,
microstructure_image,Properties,FileLink,normalized,
raw_data_file,Properties,FileLink,normalized,
sieve_analysis_file,Properties,FileLink,normalized,
raw_data_sha256,Properties,tags (FileLink-adjacent),partial,FileLink v0.1 carries filename + url only; no checksum field
raw_data_version,Properties,tags (FileLink-adjacent),partial,FileLink v0.1 carries filename + url only; no version field
doi,Provenance,source / performed_by / tags on Runs,partial,GEMD's Spec-vs-Run split (planned vs actual) has no flat-row equivalent
source_citation,Provenance,source / performed_by / tags on Runs,partial,GEMD's Spec-vs-Run split (planned vs actual) has no flat-row equivalent
measurement_confidence,Provenance,source / performed_by / tags on Runs,partial,GEMD's Spec-vs-Run split (planned vs actual) has no flat-row equivalent
lab_name,Provenance,source / performed_by / tags on Runs,partial,GEMD's Spec-vs-Run split (planned vs actual) has no flat-row equivalent
provenance_notes,Provenance,source / performed_by / tags on Runs,partial,GEMD's Spec-vs-Run split (planned vs actual) has no flat-row equivalent
is_training_ready,Provenance,tags,partial,
is_synthetic,Provenance,tags,partial,
outlier_flag,Provenance,tags,partial,
exposure_class_freeze,Conditions,Condition / classification tag,partial,
exposure_class_sulfate,Conditions,Condition / classification tag,partial,
exposure_class_chloride,Conditions,Condition / classification tag,partial,
exposure_class_water,Conditions,Condition / classification tag,partial,
exposure_class_asr,Conditions,Condition / classification tag,partial,
