source_dataset,is_3d_printed,material_class,w_b_ratio,static_yield_stress_pa,dynamic_yield_stress_pa,plastic_viscosity_pa_s,test_age_days,compressive_strength_mpa,doi,source_citation,provenance_notes
UF 3DCP Mix-Design Open Dataset,,,0.3,2411.0,260.0,19.0,28,42.0,10.5281/zenodo.6828947,"Gao, J.; Wang, Z.; Wang, C. (2023). 3D Printing Concrete Mix Design Open Dataset (v0.3). DOI 10.5281/zenodo.6828947","Sheet1 source row 46; primary study: https://www.sciencedirect.com/science/article/pii/S0950061817325175?via%3Dihub. Reported binder: Portland cement:fly ash:silica
fume=0.47:0.47:0.06; Binder1: Portland cement. Raw composition labels, quantities, units and blanks: source_cells.csv. Complete binder-relative ratios can normalize without absolute binder dosage; this excerpt does not establish complete inventory or a common basis for all components. No constituent mass-% or kg/m3 conversion. Blank is not zero. Material class and mechanical specimen printing status are not inferred."
UF 3DCP Mix-Design Open Dataset,,,0.3,3350.0,500.0,16.65,28,49.7,10.5281/zenodo.6828947,"Gao, J.; Wang, Z.; Wang, C. (2023). 3D Printing Concrete Mix Design Open Dataset (v0.3). DOI 10.5281/zenodo.6828947","Sheet1 source row 47; primary study: https://www.sciencedirect.com/science/article/pii/S0950061817325175?via%3Dihub. Reported binder: Portland cement:fly ash:silica
fume=0.47:0.47:0.06; Binder1: Portland cement. Raw composition labels, quantities, units and blanks: source_cells.csv. Complete binder-relative ratios can normalize without absolute binder dosage; this excerpt does not establish complete inventory or a common basis for all components. No constituent mass-% or kg/m3 conversion. Blank is not zero. Material class and mechanical specimen printing status are not inferred."
UF 3DCP Mix-Design Open Dataset,,,0.45,3000.0,,,28,28.0,10.5281/zenodo.6828947,"Gao, J.; Wang, Z.; Wang, C. (2023). 3D Printing Concrete Mix Design Open Dataset (v0.3). DOI 10.5281/zenodo.6828947","Sheet1 source row 57; primary study: https://www.sciencedirect.com/science/article/pii/S1359836818319024. Reported binder: Portland cement:fly ash=0.7:0.3; Binder1: Portland cement. Raw composition labels, quantities, units and blanks: source_cells.csv. Complete binder-relative ratios can normalize without absolute binder dosage; this excerpt does not establish complete inventory or a common basis for all components. No constituent mass-% or kg/m3 conversion. Blank is not zero. Material class and mechanical specimen printing status are not inferred."
UF 3DCP Mix-Design Open Dataset,,,0.45,4600.0,,,28,32.0,10.5281/zenodo.6828947,"Gao, J.; Wang, Z.; Wang, C. (2023). 3D Printing Concrete Mix Design Open Dataset (v0.3). DOI 10.5281/zenodo.6828947","Sheet1 source row 58; primary study: https://www.sciencedirect.com/science/article/pii/S1359836818319024. Reported binder: Portland cement:fly ash=0.7:0.3; Binder1: Portland cement. Raw composition labels, quantities, units and blanks: source_cells.csv. Complete binder-relative ratios can normalize without absolute binder dosage; this excerpt does not establish complete inventory or a common basis for all components. No constituent mass-% or kg/m3 conversion. Blank is not zero. Material class and mechanical specimen printing status are not inferred."
UF 3DCP Mix-Design Open Dataset,,,0.4,2140.0,,,28,72.0,10.5281/zenodo.6828947,"Gao, J.; Wang, Z.; Wang, C. (2023). 3D Printing Concrete Mix Design Open Dataset (v0.3). DOI 10.5281/zenodo.6828947","Sheet1 source row 90; primary study: https://www.sciencedirect.com/science/article/pii/S0957582020315627?via%3Dihub. Reported binder: Portland cement:Waste Incinerated Fly Ash=0.95:0.05; Binder1: Portland cement. Raw composition labels, quantities, units and blanks: source_cells.csv. Complete binder-relative ratios can normalize without absolute binder dosage; this excerpt does not establish complete inventory or a common basis for all components. No constituent mass-% or kg/m3 conversion. Blank is not zero. Material class and mechanical specimen printing status are not inferred."
UF 3DCP Mix-Design Open Dataset,,,0.4,2900.0,,,28,72.0,10.5281/zenodo.6828947,"Gao, J.; Wang, Z.; Wang, C. (2023). 3D Printing Concrete Mix Design Open Dataset (v0.3). DOI 10.5281/zenodo.6828947","Sheet1 source row 91; primary study: https://www.sciencedirect.com/science/article/pii/S0957582020315627?via%3Dihub. Reported binder: Portland cement:Waste Incinerated Fly Ash:0.925:0.075; Binder1: Portland cement. Raw composition labels, quantities, units and blanks: source_cells.csv. Complete binder-relative ratios can normalize without absolute binder dosage; this excerpt does not establish complete inventory or a common basis for all components. No constituent mass-% or kg/m3 conversion. Blank is not zero. Material class and mechanical specimen printing status are not inferred."
UF 3DCP Mix-Design Open Dataset,,,0.4,1200.0,,,28,60.0,10.5281/zenodo.6828947,"Gao, J.; Wang, Z.; Wang, C. (2023). 3D Printing Concrete Mix Design Open Dataset (v0.3). DOI 10.5281/zenodo.6828947","Sheet1 source row 139; primary study: https://www.sciencedirect.com/science/article/pii/S0264127521001271?via%3Dihub. Reported binder: fly ash:blast furnace slag:silica fume=0.60:0.25:0.15; Binder1: Portland cement. Raw composition labels, quantities, units and blanks: source_cells.csv. Complete binder-relative ratios can normalize without absolute binder dosage; this excerpt does not establish complete inventory or a common basis for all components. No constituent mass-% or kg/m3 conversion. Blank is not zero. Material class and mechanical specimen printing status are not inferred."
UF 3DCP Mix-Design Open Dataset,,,0.4,1360.0,,,28,70.0,10.5281/zenodo.6828947,"Gao, J.; Wang, Z.; Wang, C. (2023). 3D Printing Concrete Mix Design Open Dataset (v0.3). DOI 10.5281/zenodo.6828947","Sheet1 source row 140; primary study: https://www.sciencedirect.com/science/article/pii/S0264127521001271?via%3Dihub. Reported binder: fly ash:blast furnace slag:silica fume=0.60:0.25:0.15; Binder1: Portland cement. Raw composition labels, quantities, units and blanks: source_cells.csv. Complete binder-relative ratios can normalize without absolute binder dosage; this excerpt does not establish complete inventory or a common basis for all components. No constituent mass-% or kg/m3 conversion. Blank is not zero. Material class and mechanical specimen printing status are not inferred."
UF 3DCP Mix-Design Open Dataset,,,0.35,786.0,,36.9,28,58.0,10.5281/zenodo.6828947,"Gao, J.; Wang, Z.; Wang, C. (2023). 3D Printing Concrete Mix Design Open Dataset (v0.3). DOI 10.5281/zenodo.6828947","Sheet1 source row 179; primary study: https://www.sciencedirect.com/science/article/pii/S0958946521003784?via%3Dihub. Reported binder: Cement:blast furnace slag=0.5:0.5; Binder1: Portland cement. Raw composition labels, quantities, units and blanks: source_cells.csv. Complete binder-relative ratios can normalize without absolute binder dosage; this excerpt does not establish complete inventory or a common basis for all components. No constituent mass-% or kg/m3 conversion. Blank is not zero. Material class and mechanical specimen printing status are not inferred."
UF 3DCP Mix-Design Open Dataset,,,0.35,398.0,,34.0,28,54.0,10.5281/zenodo.6828947,"Gao, J.; Wang, Z.; Wang, C. (2023). 3D Printing Concrete Mix Design Open Dataset (v0.3). DOI 10.5281/zenodo.6828947","Sheet1 source row 180; primary study: https://www.sciencedirect.com/science/article/pii/S0958946521003784?via%3Dihub. Reported binder: Cement:blast furnace slag=0.5:0.5; Binder1: Portland cement. Raw composition labels, quantities, units and blanks: source_cells.csv. Complete binder-relative ratios can normalize without absolute binder dosage; this excerpt does not establish complete inventory or a common basis for all components. No constituent mass-% or kg/m3 conversion. Blank is not zero. Material class and mechanical specimen printing status are not inferred."
